1,1325,1356,1287,1356,1308,1285,1359,1321,1310,1320
2,1285,1322,1238,1320,1284,1216,1324,1263,1268,1279
3,1250,1289,1177,1286,1238,1187,1255,1218,1217,1219
4,1224,1226,1147,1240,1211,1147,1181,1204,1181,1145
5,1177,1205,1077,1208,1179,1076,1173,1152,1172,1119
6,1157,1201,1051,1142,1155,1055,1170,1125,1151,1077
7,1101,1181,1044,1108,1124,988,1143,1065,1138,1053
8,1094,1129,1001,1084,1078,964,1143,1043,1131,1032
9,1050,1121,951,1058,1008,940,1109,1022,1101,1021
10,1022,1060,947,1017,971,927,1071,980,1072,974
11,1017,1059,938,986,955,921,1050,973,1048,939
12,989,1036,926,959,903,907,1031,919,1012,924
13,973,997,891,945,883,898,997,909,999,904
14,953,954,891,928,866,887,986,904,935,902
15,953,925,875,905,838,880,961,891,935,878
16,949,883,831,878,799,868,942,882,921,852
17,932,872,821,852,768,853,907,850,895,827
18,918,858,821,842,768,851,873,790,869,820
19,889,840,800,826,759,842,857,789,864,809
20,874,823,799,815,759,826,844,789,843,794
21,842,798,795,795,751,819,834,774,836,789
22,835,797,787,779,750,819,823,774,814,782
23,825,790,773,774,750,802,820,741,799,780
24,815,781,764,761,736,774,788,736,776,774
25,813,771,759,761,720,758,780,730,766,763
26,785,763,754,760,720,758,761,730,757,754
27,751,753,742,755,702,745,759,718,749,749
28,736,733,734,755,693,741,746,712,736,690
29,721,718,733,752,693,741,746,687,729,671
30,696,718,723,743,693,731,739,677,725,668
31,684,711,710,730,682,731,716,674,708,657
32,684,708,692,723,671,710,716,666,704,648
33,669,703,692,706,648,709,714,654,700,639
34,669,703,663,689,623,709,689,648,700,630
35,663,688,663,688,601,709,683,648,697,607
36,650,687,654,685,601,700,677,644,693,607
37,643,683,642,678,585,698,672,632,692,598
38,634,673,629,677,584,695,657,632,692,592
39,633,661,629,665,576,689,651,621,652,592
40,633,656,616,656,576,689,651,621,640,583
41,630,644,616,656,568,686,643,611,640,583
42,617,633,607,648,568,686,643,609,634,583
43,613,632,603,632,568,676,632,604,630,575
44,613,632,603,628,565,676,620,602,630,573
45,610,621,597,628,565,666,617,602,627,550
46,602,621,578,625,565,666,610,602,627,550
47,602,620,554,622,546,656,598,602,619,550
48,582,614,554,622,546,656,585,602,608,550
49,578,614,539,612,546,654,585,602,607,550
50,578,602,539,612,543,645,585,602,607,548
51,574,582,526,599,543,645,575,597,607,537
52,570,582,517,599,540,622,570,590,603,537
53,570,576,517,599,540,600,564,590,597,531
54,558,576,517,592,540,593,559,590,597,531
55,550,569,517,592,532,585,559,583,590,531
56,550,561,517,592,532,578,559,583,590,525
57,550,561,517,587,525,578,552,583,586,514
58,545,559,517,586,525,554,543,583,586,511
59,545,559,517,568,525,554,537,574,567,511
60,535,555,517,568,525,554,537,574,567,511
61,527,549,517,559,525,554,531,559,563,511
62,527,549,509,559,521,552,529,559,563,509
63,527,549,504,546,521,548,529,559,557,502
64,525,543,504,542,520,548,512,559,546,502
65,525,543,504,532,520,548,506,557,546,502
66,525,543,504,519,520,548,506,548,546,501
67,525,543,496,517,520,548,494,548,546,501
68,525,543,496,517,517,548,490,538,539,495
69,525,543,488,512,517,548,490,538,526,495
70,521,543,488,506,517,545,484,538,526,495
71,516,543,488,502,517,545,483,536,519,495
72,516,536,488,502,517,534,483,526,519,495
73,516,536,488,502,517,534,483,526,519,495
74,512,536,487,502,511,534,483,525,516,495
75,512,536,487,502,511,534,483,525,516,494
76,512,536,487,502,506,534,481,523,516,494
77,512,528,487,501,497,531,481,517,508,494
78,512,515,487,501,488,515,480,517,508,494
79,493,515,469,496,488,515,480,517,508,480
80,493,515,469,496,488,515,480,517,508,471
81,493,515,469,495,488,515,469,517,508,471
82,493,515,469,495,488,515,469,513,508,469
83,492,515,469,495,487,515,469,509,502,469
84,492,515,469,495,487,515,466,509,498,469
85,492,515,462,495,487,515,466,509,498,469
86,492,507,462,491,487,497,466,505,493,466
87,492,505,462,491,487,497,466,505,493,466
88,486,502,462,484,482,497,466,505,493,466
89,486,502,462,484,482,497,466,505,493,466
90,486,502,461,484,476,478,466,505,491,466
91,486,502,451,484,476,478,466,496,491,466
92,476,502,446,484,476,478,466,496,491,466
93,476,502,446,484,476,478,466,496,491,466
94,476,502,446,484,476,478,466,496,491,466
95,472,502,446,484,473,478,466,496,491,466
96,471,502,446,484,473,478,466,496,491,466
97,466,502,446,480,473,468,466,496,482,466
98,466,502,446,472,473,468,466,496,482,466
99,466,502,446,472,473,468,466,496,482,466
100,466,495,446,472,473,456,466,496,482,466
101,466,495,446,472,470,456,466,470,482,466
102,466,495,446,472,470,456,466,470,482,466
103,461,495,446,472,470,456,466,470,482,466
104,461,495,446,472,470,456,466,470,482,466
105,461,490,446,472,470,456,466,470,479,466
106,461,490,444,472,470,456,466,470,479,466
107,461,490,444,472,466,456,466,470,475,453
108,461,490,444,472,466,456,466,470,475,453
109,461,490,444,472,466,456,466,470,475,453
110,461,490,444,472,463,456,466,470,475,453
111,461,490,444,472,463,456,466,470,475,453
112,461,489,444,472,463,456,466,470,475,453
113,461,489,444,472,463,456,466,470,475,453
114,461,489,444,471,463,456,466,470,475,453
115,461,489,444,471,463,456,466,470,475,453
116,461,489,444,471,463,456,466,470,475,453
117,461,489,444,471,463,456,466,470,475,453
118,461,489,444,471,463,456,466,470,475,453
119,461,489,444,471,463,456,466,470,475,453
120,461,489,444,471,463,456,466,468,475,453
121,461,489,444,471,463,456,466,461,475,453
122,461,489,444,471,459,456,466,461,475,453
123,461,489,444,471,459,456,466,461,475,453
124,461,489,444,471,459,456,466,461,475,453
125,461,489,444,471,459,456,466,461,475,453
126,461,489,444,471,459,456,466,458,475,453
127,461,489,444,471,459,456,466,458,475,453
128,461,489,444,471,459,456,466,458,475,453
129,461,489,444,471,459,456,466,458,475,453
130,461,489,444,471,459,456,466,458,475,453
131,461,489,444,471,459,456,466,458,475,453
132,461,489,444,471,459,456,466,458,475,453
133,461,489,444,471,459,456,466,458,475,453
134,461,489,444,471,459,456,466,458,475,453
135,461,489,444,471,459,456,466,458,475,453
136,461,489,444,471,459,456,466,458,475,453
137,461,489,444,471,459,456,466,458,475,453
138,461,489,444,471,459,456,466,458,475,453
139,461,489,444,471,459,456,466,458,475,453
140,461,489,444,471,459,456,466,458,475,453
141,461,489,444,471,459,456,466,458,475,453
142,461,489,444,471,459,456,466,458,475,453
143,461,489,444,471,459,456,466,458,475,453
144,461,489,444,471,459,456,466,458,475,453
145,461,489,444,471,459,456,466,458,475,453
146,461,489,444,471,459,456,466,458,475,453
147,461,489,444,471,459,456,466,458,475,453
148,461,489,444,471,459,456,466,458,475,453
149,461,489,444,471,459,456,466,458,475,453
150,461,489,444,471,459,456,466,458,475,453
151,461,489,444,471,459,456,466,458,475,453
152,461,489,444,471,459,456,466,458,475,453
153,461,489,444,471,459,456,466,458,475,453
154,461,489,444,471,459,456,466,458,475,453
155,461,489,444,471,459,456,466,458,475,453
156,461,489,444,471,459,456,466,458,475,453
157,461,489,444,471,459,456,466,458,475,453
158,461,489,444,471,459,456,466,458,475,453
159,458,489,444,471,459,456,466,458,475,453
160,458,489,444,471,459,456,466,458,475,453
161,458,489,444,471,459,456,466,458,475,453
162,458,489,444,471,459,456,466,458,475,453
163,458,489,444,471,459,456,466,458,475,453
164,458,489,444,471,459,456,466,458,475,453
165,458,489,444,471,459,456,466,458,475,453
166,458,489,444,471,459,456,466,458,475,453
167,458,489,444,471,459,456,466,458,475,453
168,458,489,444,471,459,456,466,458,475,453
169,458,489,444,471,453,456,466,458,475,453
170,458,489,444,471,453,456,466,458,475,453
171,458,489,444,471,453,456,466,458,475,453
172,458,489,444,471,453,456,466,455,475,453
173,458,489,444,471,453,456,466,455,475,453
174,458,489,444,471,453,456,466,455,475,453
175,458,489,444,471,453,456,466,455,475,453
176,458,489,444,471,453,452,466,455,475,453
177,458,489,444,471,453,452,466,455,475,453
178,458,489,444,471,453,452,466,455,475,453
179,458,489,444,471,453,452,466,455,475,453
180,458,489,444,467,453,452,466,455,475,453
181,458,489,444,467,453,452,466,455,475,450
182,458,489,444,467,453,452,466,455,475,450
183,458,489,444,467,453,452,466,455,475,450
184,458,489,444,467,453,452,466,455,475,450
185,458,489,444,467,453,452,466,455,475,450
186,458,489,444,467,453,452,466,455,475,450
187,458,489,444,467,453,452,466,455,475,450
188,458,489,444,467,453,452,466,455,475,450
189,455,489,444,467,453,452,466,455,475,450
190,455,489,444,467,453,452,466,455,475,450
191,455,489,444,467,453,452,466,455,475,450
192,455,489,444,467,453,452,466,455,475,450
193,455,489,444,467,453,452,466,455,475,450
194,455,489,444,467,453,452,466,455,475,450
195,455,489,444,467,453,452,466,455,475,450
196,455,489,444,467,453,452,466,455,475,450
197,449,489,444,467,453,452,466,455,475,450
198,449,489,444,467,453,452,466,455,475,450
199,449,489,444,467,453,452,466,455,475,450
200,449,489,444,467,453,452,466,455,475,450
201,449,489,444,467,453,452,466,455,475,450
202,449,489,444,467,453,452,466,455,475,450
203,449,489,444,467,453,452,466,455,475,450
204,449,489,444,467,453,452,466,455,475,450
205,449,489,444,464,453,452,466,455,475,450
206,449,489,444,464,453,452,466,455,475,450
207,449,489,444,464,453,452,466,455,475,450
208,449,489,444,464,453,452,466,455,475,450
209,449,489,444,464,453,452,466,455,475,450
210,449,489,444,464,453,452,466,455,475,450
211,449,489,444,464,453,452,466,455,475,450
212,449,489,444,464,453,452,466,455,475,450
213,449,489,444,464,453,452,466,455,475,450
214,449,489,444,464,453,452,456,455,475,450
215,449,489,444,464,453,452,456,455,475,450
216,449,489,444,464,453,452,456,455,475,450
217,449,489,444,464,453,452,456,455,475,450
218,449,489,444,464,453,452,456,455,475,450
219,449,489,444,464,453,452,456,455,475,450
220,449,489,444,464,453,452,456,455,475,450
221,449,489,444,464,453,452,456,455,475,450
222,449,489,444,456,453,452,456,455,475,450
223,449,489,444,456,453,452,456,455,475,450
224,449,489,444,456,453,452,456,455,475,450
225,449,489,444,456,453,452,456,455,475,450
226,449,489,444,456,453,452,456,455,475,450
227,449,489,444,456,453,452,456,455,475,450
228,449,489,444,456,453,452,456,455,475,450
229,449,489,444,456,453,452,456,455,475,450
230,449,489,444,456,453,452,456,455,475,450
231,449,489,444,456,453,452,456,455,475,450
232,449,489,444,456,453,452,456,455,475,450
233,449,489,444,456,453,452,456,455,475,450
234,449,489,444,456,453,452,456,455,475,450
235,449,489,444,456,453,452,456,455,475,450
236,449,489,444,456,453,452,456,455,475,450
237,449,489,444,456,453,452,456,455,475,450
238,449,489,444,456,453,452,456,455,475,450
239,449,489,444,456,453,452,456,455,475,450
240,449,489,444,456,453,452,456,455,475,450
241,449,489,444,456,453,452,456,455,475,450
242,449,489,444,456,453,452,456,455,475,450
243,449,489,444,456,453,452,456,455,475,450
244,449,489,444,456,453,452,456,455,475,450
245,449,489,444,456,453,452,456,455,475,450
246,449,489,444,456,453,452,456,455,475,450
247,449,489,444,456,453,452,456,455,475,450
248,449,489,444,456,453,452,456,455,475,450
249,449,489,444,456,453,452,456,455,475,450
250,449,489,444,456,453,452,456,455,475,450
251,449,489,444,456,453,452,456,455,475,450
252,449,489,444,456,453,452,456,455,475,450
253,449,489,444,456,453,452,456,455,475,450
254,449,489,444,456,453,452,454,455,475,450
255,449,489,444,456,453,452,454,455,475,450
256,449,489,444,456,453,452,454,455,475,450
257,449,489,444,456,453,452,454,455,475,450
258,449,489,444,456,453,452,454,455,475,450
259,449,489,444,456,453,452,454,455,475,450
260,449,489,444,456,453,452,454,455,475,450
261,449,489,444,456,453,452,454,455,475,450
262,449,489,444,456,453,452,454,455,475,450
263,449,489,444,456,453,452,454,455,475,450
264,449,489,444,456,453,452,454,455,475,450
265,449,489,444,456,453,452,454,455,475,450
266,449,489,444,456,453,452,454,455,475,450
267,449,489,444,456,453,452,454,455,475,450
268,449,489,444,456,453,452,454,455,475,450
269,449,489,444,456,453,452,454,455,475,450
270,449,489,444,456,453,452,454,455,475,450
271,449,489,444,456,453,452,454,455,475,450
272,449,489,444,456,453,452,454,455,475,450
273,449,489,444,456,453,452,454,455,475,450
274,449,489,444,456,453,452,454,455,475,450
275,449,489,444,456,453,452,454,455,475,450
276,449,489,444,456,453,452,454,455,475,450
277,449,489,444,456,453,452,454,455,475,450
278,449,489,444,456,453,452,454,455,475,450
279,449,489,444,456,453,452,454,455,475,450
280,449,489,444,456,453,452,454,455,475,450
281,449,489,444,456,453,452,454,455,475,450
282,449,489,444,456,453,452,454,455,475,450
283,449,489,444,456,453,452,454,455,475,450
284,449,489,444,456,453,452,454,455,475,450
285,449,489,444,456,453,452,454,455,475,450
286,449,489,444,456,453,452,454,455,475,450
287,449,489,444,456,453,452,454,455,475,450
288,449,489,444,456,453,452,454,455,475,450
289,449,489,444,456,453,452,454,455,475,450
290,449,489,444,456,453,452,454,455,475,450
291,449,489,444,456,453,452,454,455,475,450
292,449,489,444,456,453,452,454,455,475,450
293,449,489,444,456,453,452,454,455,475,450
294,449,489,444,456,453,452,454,455,475,450
295,449,489,444,456,453,452,454,455,475,450
296,449,489,444,456,453,452,454,455,475,450
297,449,489,444,456,453,452,454,455,475,450
298,449,489,444,456,453,452,454,455,475,450
299,449,489,444,456,453,452,454,455,475,450
300,449,489,444,456,453,452,454,455,475,450
301,449,489,444,456,453,452,454,455,475,450
302,449,489,444,456,453,452,454,455,475,450
303,449,489,444,456,453,452,454,455,475,450
304,449,489,444,456,453,452,454,455,475,450
305,449,489,444,456,453,452,454,455,475,450
306,449,489,444,456,453,452,454,455,475,450
307,449,489,444,456,453,452,454,455,475,450
308,449,489,444,456,453,452,454,455,475,450
309,449,489,444,456,453,452,454,452,475,450
310,449,489,444,456,453,452,454,452,475,450
311,449,489,444,456,453,452,454,452,475,450
312,449,489,444,456,453,452,454,452,475,450
313,449,489,444,456,453,452,454,452,475,450
314,449,489,444,456,453,452,454,452,475,450
315,449,489,444,456,453,452,454,452,475,450
316,449,489,444,456,453,452,454,452,475,450
317,449,489,444,456,453,452,454,452,475,450
318,449,489,444,456,453,452,454,452,475,450
319,449,489,444,456,453,452,454,452,475,450
320,449,489,444,456,453,452,454,452,475,450
321,449,489,444,456,453,452,454,452,475,450
322,449,489,444,456,453,452,454,452,475,450
323,449,489,444,456,453,452,454,452,475,450
324,449,489,444,456,453,452,454,452,475,450
325,449,489,444,456,453,452,454,452,475,450
326,449,489,444,456,453,452,454,452,475,450
327,449,489,444,456,453,452,454,452,475,450
328,449,489,444,456,453,452,454,452,475,450
329,449,489,444,456,453,452,454,452,475,450
330,449,489,444,456,453,452,454,452,475,450
331,449,489,444,456,453,452,454,452,475,450
332,449,489,444,456,453,452,454,452,475,450
333,449,489,444,456,453,452,454,452,475,450
334,449,489,444,456,453,452,454,452,475,450
335,449,489,444,456,453,452,454,452,475,450
336,449,489,444,456,453,452,454,452,475,450
337,449,489,444,456,453,452,454,452,475,450
338,449,489,444,456,453,452,454,452,475,450
339,449,489,444,456,453,452,454,452,475,450
340,449,489,444,456,453,452,454,452,475,450
341,449,489,444,456,453,452,454,452,475,450
342,449,489,444,456,453,452,454,452,475,450
343,449,489,444,456,453,452,454,452,475,450
344,449,489,444,456,453,452,454,452,475,450
345,449,489,444,456,453,452,454,452,475,450
346,449,489,444,456,453,452,454,452,475,450
347,449,489,444,456,453,452,454,452,475,450
348,449,489,444,456,453,452,454,452,475,450
349,449,489,444,456,453,452,454,452,475,450
350,449,489,444,456,453,452,454,452,475,450
351,449,489,444,456,453,452,454,452,475,450
352,449,489,444,456,453,452,454,452,475,450
353,449,489,444,456,453,452,454,452,475,450
354,449,489,444,456,453,452,454,452,475,450
355,449,489,444,456,453,452,454,452,475,450
356,449,489,444,456,453,452,454,452,475,450
357,449,489,444,456,453,452,454,452,475,450
358,449,489,444,456,453,452,454,452,475,450
359,449,489,444,456,453,452,454,452,475,450
360,449,489,444,456,453,452,454,452,475,450
361,449,489,444,456,453,452,454,452,475,450
362,449,489,444,456,453,452,454,452,475,450
363,449,489,444,456,453,452,454,452,475,450
364,449,489,444,456,453,452,454,452,475,450
365,449,489,444,456,453,452,454,452,475,450
366,449,489,444,456,453,452,454,452,475,450
367,449,489,444,456,453,452,454,452,475,450
368,449,489,444,456,453,452,454,452,475,450
369,449,489,444,456,453,452,454,452,475,450
370,449,489,444,456,453,452,454,452,475,450
371,449,489,444,456,453,452,454,452,475,450
372,449,489,444,456,453,452,454,452,475,450
373,449,489,444,456,453,452,454,452,475,450
374,449,489,444,456,453,452,454,452,475,450
375,449,489,444,456,453,452,454,452,475,450
376,449,489,444,456,453,452,454,452,475,450
377,449,489,444,456,453,452,454,452,475,450
378,449,489,444,456,453,452,454,452,475,450
379,449,489,444,456,453,452,454,452,475,450
380,449,489,444,456,453,452,454,452,475,450
381,449,489,444,456,453,452,454,452,475,450
382,449,489,444,456,453,452,454,452,475,450
383,449,489,444,456,453,452,454,452,475,450
384,449,489,444,456,453,452,454,452,475,450
385,449,489,444,456,453,452,454,452,475,450
386,449,489,444,456,453,452,454,452,475,450
387,449,489,444,456,453,452,454,452,475,450
388,449,489,444,456,453,452,454,452,475,450
389,449,489,444,456,453,452,454,452,475,450
390,449,489,444,456,453,452,454,452,475,450
391,449,489,444,456,453,452,454,452,475,450
392,449,489,444,456,453,452,454,452,475,450
393,449,489,444,456,453,452,454,452,475,450
394,449,489,444,456,453,452,454,452,475,450
395,449,489,444,456,453,452,454,452,475,450
396,449,489,444,456,453,452,454,452,475,450
397,449,489,444,456,453,452,454,452,475,450
398,449,489,444,456,453,452,454,452,475,450
399,449,489,444,456,453,452,454,452,475,450
400,449,489,444,456,453,452,454,452,475,450
401,449,489,444,456,453,452,454,452,475,450
402,449,489,444,456,453,452,454,452,475,450
403,449,489,444,456,453,452,454,452,475,450
404,449,489,444,456,453,452,454,452,475,450
405,449,489,444,456,453,452,454,452,475,450
406,449,489,444,456,453,452,454,452,475,450
407,449,489,444,456,453,452,454,452,475,450
408,449,489,444,456,453,452,454,452,475,450
409,449,489,444,456,453,452,454,452,475,450
410,449,489,444,456,453,452,454,452,475,450
411,449,489,444,456,453,452,454,452,475,450
412,449,489,444,456,453,452,454,452,475,450
413,449,489,444,456,453,452,454,452,475,450
414,449,489,444,456,453,452,454,452,475,450
415,449,489,444,456,453,452,454,452,475,450
416,449,489,444,456,453,452,454,452,475,450
417,449,489,444,456,453,452,454,452,475,450
418,449,489,444,456,453,452,454,452,475,450
419,449,489,444,456,453,452,454,452,475,450
420,449,489,444,456,453,452,454,452,475,450
421,449,489,444,456,453,452,454,452,475,450
422,449,489,444,456,453,452,454,452,475,450
423,449,489,444,456,453,452,454,452,475,450
424,449,489,444,456,453,452,454,452,475,450
425,449,489,444,456,453,452,454,452,475,450
426,449,489,444,456,453,452,454,452,475,450
427,449,489,444,456,453,452,454,452,475,450
428,449,489,444,456,453,452,454,452,475,450
429,449,489,444,456,453,452,454,452,475,450
430,449,489,444,456,453,452,454,452,475,450
431,449,489,444,456,453,452,454,452,475,450
432,449,489,444,456,453,452,454,452,475,450
433,449,489,444,456,453,452,454,452,475,450
434,449,489,444,456,453,452,454,452,475,450
435,449,489,444,456,453,452,454,452,475,450
436,449,489,444,456,453,452,454,452,475,450
437,449,489,444,456,453,452,454,452,475,450
438,449,489,444,456,453,452,454,452,475,450
439,449,489,444,456,453,452,454,452,475,450
440,449,489,444,456,453,452,454,452,475,450
441,449,489,444,456,453,452,454,452,475,450
442,449,489,444,456,453,452,454,452,475,450
443,449,489,444,456,453,452,454,452,475,450
444,449,489,444,456,453,452,454,452,475,450
445,449,489,444,456,453,452,454,452,475,450
446,449,489,444,456,453,452,454,452,475,450
447,449,489,444,456,453,452,454,452,475,450
448,449,489,444,456,453,452,454,452,475,450
449,449,489,444,456,453,452,454,452,475,450
450,449,489,444,456,453,452,454,452,475,450
451,449,489,444,456,453,452,454,452,475,450
452,449,489,444,456,453,452,454,452,475,450
453,449,489,444,456,453,452,454,452,475,450
454,449,489,444,456,453,452,454,452,475,450
455,449,489,444,456,453,452,454,452,475,450
456,449,489,444,456,453,452,454,452,475,450
457,449,489,444,456,453,452,454,452,475,450
458,449,489,444,456,453,452,454,452,475,450
459,449,489,444,456,453,452,454,452,475,450
460,449,489,444,456,453,452,454,452,475,450
461,449,489,444,456,453,452,454,452,475,450
462,449,489,444,456,453,452,454,452,475,450
463,449,489,444,456,453,452,454,452,475,450
464,449,489,444,456,453,452,454,452,475,450
465,449,489,444,456,453,452,454,452,475,450
466,449,489,444,456,453,452,454,452,475,450
467,449,489,444,456,453,452,454,452,475,450
468,449,489,444,456,453,452,454,452,475,450
469,449,489,444,456,453,452,454,452,475,450
470,449,489,444,456,453,452,454,452,475,450
471,449,489,444,456,453,452,454,452,475,450
472,449,489,444,456,453,452,454,452,475,450
473,449,489,444,456,453,452,454,452,475,450
474,449,489,444,456,453,452,454,452,475,450
475,449,489,444,456,453,452,454,452,475,450
476,449,489,444,456,453,452,454,452,475,450
477,449,489,444,456,453,452,454,452,475,450
478,449,489,444,456,453,452,454,452,475,450
479,449,489,444,456,453,452,454,452,475,450
480,449,489,444,456,453,452,454,452,475,450
481,449,489,444,456,453,452,454,452,475,450
482,449,489,444,456,453,452,454,452,475,450
483,449,489,444,456,453,452,454,452,475,450
484,449,489,444,456,453,452,454,452,475,450
485,449,489,444,456,453,452,454,452,475,450
486,449,489,444,456,453,452,454,452,475,450
487,449,489,444,456,453,452,454,452,475,450
488,449,489,444,456,453,452,454,452,475,450
489,449,489,444,456,453,452,454,452,475,450
490,449,489,444,456,453,452,454,452,475,450
491,449,489,444,456,453,452,454,452,475,450
492,449,489,444,456,453,452,454,452,475,450
493,449,489,444,456,453,452,454,452,475,450
494,449,489,444,456,453,452,454,452,475,450
495,449,489,444,456,453,452,454,452,475,450
496,449,489,444,456,453,452,454,452,475,450
497,449,489,444,456,453,452,454,452,475,450
498,449,489,444,456,453,452,454,452,475,450
499,449,489,444,456,453,452,454,452,475,450
500,449,489,444,456,453,452,454,452,475,450
501,449,489,444,456,453,452,454,452,475,450
502,449,489,444,456,453,452,454,452,475,450
503,449,489,444,456,453,452,454,452,475,450
504,449,489,444,456,453,452,454,452,475,450
505,449,489,444,456,453,452,454,452,475,450
506,449,489,444,456,453,452,454,452,475,450
507,449,489,444,456,453,452,454,452,475,450
508,449,489,444,456,453,452,454,452,475,450
509,449,489,444,456,453,452,454,452,475,450
510,449,489,444,456,453,452,454,452,475,450
511,449,489,444,456,453,452,454,452,475,450
512,449,489,444,456,453,452,454,452,475,450
513,449,489,444,456,453,452,454,452,475,450
514,449,489,444,456,453,452,454,452,475,450
515,449,489,444,456,453,452,454,452,475,450
516,449,489,444,456,453,452,454,452,475,450
517,449,489,444,456,453,452,454,452,475,450
518,449,489,444,456,453,452,454,452,475,450
519,449,489,444,456,453,452,454,452,475,450
520,449,489,444,456,453,452,454,452,475,450
521,449,489,444,456,453,452,454,452,475,450
522,449,489,444,456,453,452,454,452,475,450
523,449,489,444,456,453,452,454,452,475,450
524,449,489,444,456,453,452,454,452,475,450
525,449,489,444,456,453,452,454,452,475,450
526,449,489,444,456,453,452,454,452,475,450
527,449,489,444,456,453,452,454,452,475,450
528,449,489,444,456,453,452,454,452,475,450
529,449,489,444,456,453,452,454,452,475,450
530,449,489,444,456,453,452,454,452,475,450
531,449,489,444,456,453,452,454,452,475,450
532,449,489,444,456,453,452,454,452,475,450
533,449,489,444,456,453,452,454,452,475,450
534,449,489,444,456,453,452,454,452,475,450
535,449,489,444,456,453,452,454,452,475,450
536,449,489,444,456,453,452,454,452,475,450
537,449,489,444,456,453,452,454,452,475,450
538,449,489,444,456,453,452,454,452,475,450
539,449,489,444,456,453,452,454,452,475,450
540,449,489,444,456,453,452,454,452,475,450
541,449,489,444,456,453,452,454,452,475,450
542,449,489,444,456,453,452,454,452,475,450
543,449,489,444,456,453,452,454,452,475,450
544,449,489,444,456,453,452,454,452,475,450
545,449,489,444,456,453,452,454,452,475,450
546,449,489,444,456,453,452,454,452,475,450
547,449,489,444,456,453,452,454,452,475,450
548,449,489,444,456,453,452,454,452,475,450
549,449,489,444,456,453,452,454,452,475,450
550,449,489,444,456,453,452,454,452,475,450
551,449,489,444,456,453,452,454,452,475,450
552,449,489,444,456,453,452,454,452,475,450
553,449,489,444,456,453,452,454,452,475,450
554,449,489,444,456,453,452,454,452,475,450
555,449,489,444,456,453,452,454,452,475,450
556,449,489,444,456,453,452,454,452,475,450
557,449,489,444,456,453,452,454,452,475,450
558,449,489,444,456,453,452,454,452,475,450
559,449,489,444,456,453,452,454,452,475,450
560,449,489,444,456,453,452,454,452,475,450
561,449,489,444,456,453,452,454,452,475,450
562,449,489,444,456,453,452,454,452,475,450
563,449,489,444,456,453,452,454,452,475,450
564,449,489,444,456,453,452,454,452,475,450
565,449,489,444,456,453,452,454,452,475,450
566,449,489,444,456,453,452,454,452,475,450
567,449,489,444,456,453,452,454,452,475,450
568,449,489,444,456,453,452,454,452,475,450
569,449,489,444,456,453,452,454,452,475,450
570,449,489,444,456,453,452,454,452,475,450
571,449,489,444,456,453,452,454,452,475,450
572,449,489,444,456,453,452,454,452,475,450
573,449,489,444,456,453,452,454,452,475,450
574,449,489,444,456,453,452,454,452,475,450
575,449,489,444,456,453,452,454,452,475,450
576,449,489,444,456,453,452,454,452,475,450
577,449,489,444,456,453,452,454,452,475,450
578,449,489,444,456,453,452,454,452,475,450
579,449,489,444,456,453,452,454,452,475,450
580,449,489,444,456,453,452,454,452,475,450
581,449,489,444,456,453,452,454,452,475,450
582,449,489,444,456,453,452,454,452,475,450
583,449,489,444,456,453,452,454,452,475,450
584,449,489,444,456,453,452,454,452,475,450
585,449,489,444,456,453,452,454,452,475,450
586,449,489,444,456,453,452,454,452,475,450
587,449,489,444,456,453,452,454,452,475,450
588,449,489,444,456,453,452,454,452,475,450
589,449,489,444,456,453,452,454,452,475,450
590,449,489,444,456,453,452,454,452,475,450
591,449,489,444,456,453,452,454,452,475,450
592,449,489,444,456,453,452,454,452,475,450
593,449,489,444,456,453,452,454,452,475,450
594,449,489,444,456,453,452,454,452,475,450
595,449,489,444,456,453,452,454,452,475,450
596,449,489,444,456,453,452,454,452,475,450
597,449,489,444,456,453,452,454,452,475,450
598,449,489,444,456,453,452,454,452,475,450
599,449,489,444,456,453,452,454,452,475,450
600,449,489,444,456,453,452,454,452,475,450
601,449,489,444,456,453,452,454,452,475,450
602,449,489,444,456,453,452,454,452,475,450
603,449,489,444,456,453,452,454,452,475,450
604,449,489,444,456,453,452,454,452,475,450
605,449,489,444,456,453,452,454,452,475,450
606,449,489,444,456,453,452,454,452,475,450
607,449,489,444,456,453,452,454,452,475,450
608,449,489,444,456,453,452,454,452,475,450
609,449,489,444,456,453,452,454,452,475,450
610,449,489,444,456,453,452,454,452,475,450
611,449,489,444,456,453,452,454,452,475,450
612,449,489,444,456,453,452,454,452,475,450
613,449,489,444,456,453,452,454,452,475,450
614,449,489,444,456,453,452,454,452,475,450
615,449,489,444,456,453,452,454,452,475,450
616,449,489,444,456,453,452,454,452,475,450
617,449,489,444,456,453,452,454,452,475,450
618,449,489,444,456,453,452,454,452,475,450
619,449,489,444,456,453,452,454,452,475,450
620,449,489,444,456,453,452,454,452,475,450
621,449,489,444,456,453,452,454,452,475,450
622,449,489,444,456,453,452,454,452,475,450
623,449,489,444,456,453,452,454,452,475,450
624,449,489,444,456,453,452,454,452,475,450
625,449,489,444,456,453,452,454,452,475,450
626,449,489,444,456,453,452,454,452,475,450
627,449,489,444,456,453,452,454,452,475,450
628,449,489,444,456,453,452,454,452,475,450
629,449,489,444,456,453,452,454,452,475,450
630,449,489,444,456,453,452,454,452,475,450
631,449,489,444,456,453,452,454,452,475,450
632,449,489,444,456,453,452,454,452,475,450
633,449,489,444,456,453,452,454,452,475,450
634,449,489,444,456,453,452,454,452,475,450
635,449,489,444,456,453,452,454,452,475,450
636,449,489,444,456,453,452,454,452,475,450
637,449,489,444,456,453,452,454,452,475,450
638,449,489,444,456,453,452,454,452,475,450
639,449,489,444,456,453,452,454,452,475,450
640,449,489,444,456,453,452,454,452,475,450
641,449,489,444,456,453,452,454,452,475,450
642,449,489,444,456,453,452,454,452,475,450
643,449,489,444,456,453,452,454,452,475,450
644,449,489,444,456,453,452,454,452,475,450
645,449,489,444,456,453,452,454,452,475,450
646,449,489,444,456,453,452,454,452,475,450
647,449,489,444,456,453,452,454,452,475,450
648,449,489,444,456,453,452,454,452,475,450
649,449,489,444,456,453,452,454,452,475,450
650,449,489,444,456,453,452,454,452,475,450
651,449,489,444,456,453,452,454,452,475,450
652,449,489,444,456,453,452,454,452,475,450
653,449,489,444,456,453,452,454,452,475,450
654,449,489,444,456,453,452,454,452,475,450
655,449,489,444,456,453,452,454,452,475,450
656,449,489,444,456,453,452,454,452,475,450
657,449,489,444,456,453,452,454,452,475,450
658,449,489,444,456,453,452,454,452,475,450
659,449,489,444,456,453,452,454,452,475,450
660,449,489,444,456,453,452,454,452,475,450
661,449,489,444,456,453,452,454,452,475,450
662,449,489,444,456,453,452,454,452,475,450
663,449,489,444,456,453,452,454,452,475,450
664,449,489,444,456,453,452,454,452,475,450
665,449,489,444,456,453,452,454,452,475,450
666,449,489,444,456,453,452,454,452,475,450
667,449,489,444,456,453,452,454,452,475,450
668,449,489,444,456,453,452,454,452,475,450
669,449,489,444,456,453,452,454,452,475,450
670,449,489,444,456,453,452,454,452,475,450
671,449,489,444,456,453,452,454,452,475,450
672,449,489,444,456,453,452,454,452,475,450
673,449,489,444,456,453,452,454,452,475,450
674,449,489,444,456,453,452,454,452,475,450
675,449,489,444,456,453,452,454,452,475,450
676,449,489,444,456,453,452,454,452,475,450
677,449,489,444,456,453,452,454,452,475,450
678,449,489,444,456,453,452,454,452,475,450
679,449,489,444,456,453,452,454,452,475,450
680,449,489,444,456,453,452,454,452,475,450
681,449,489,444,456,453,452,454,452,475,450
682,449,489,444,456,453,452,454,452,475,450
683,449,489,444,456,453,452,454,452,475,450
684,449,489,444,456,453,452,454,452,475,450
685,449,489,444,456,453,452,454,452,475,450
686,449,489,444,456,453,452,454,452,475,450
687,449,489,444,456,453,452,454,452,475,450
688,449,489,444,456,453,452,454,452,475,450
689,449,489,444,456,453,452,454,452,475,450
690,449,489,444,456,453,452,454,452,475,450
691,449,489,444,456,453,452,454,452,475,450
692,449,489,444,456,453,452,454,452,475,450
693,449,489,444,456,453,452,454,452,475,450
694,449,489,444,456,453,452,454,452,475,450
695,449,489,444,456,453,452,454,452,475,450
696,449,489,444,456,453,452,454,452,475,450
697,449,489,444,456,453,452,454,452,475,450
698,449,489,444,456,453,452,454,452,475,450
699,449,489,444,456,453,452,454,452,475,450
700,449,489,444,456,453,452,454,452,475,450
701,449,489,444,456,453,452,454,452,475,450
702,449,489,444,456,453,452,454,452,475,450
703,449,489,444,456,453,452,454,452,475,450
704,449,489,444,456,453,452,454,452,475,450
705,449,489,444,456,453,452,454,452,475,450
706,449,489,444,456,453,452,454,452,475,450
707,449,489,444,456,453,452,454,452,475,450
708,449,489,444,456,453,452,454,452,475,450
709,449,489,444,456,453,452,454,452,475,450
710,449,489,444,456,453,452,454,452,475,450
711,449,489,444,456,453,452,454,452,475,450
712,449,489,444,456,453,452,454,452,475,450
713,449,489,444,456,453,452,454,452,475,450
714,449,489,444,456,453,452,454,452,475,450
715,449,489,444,456,453,452,454,452,475,450
716,449,489,444,456,453,452,454,452,475,450
717,449,489,444,456,453,452,454,452,475,450
718,449,489,444,456,453,452,454,452,475,450
719,449,489,444,456,453,452,454,452,475,450
720,449,489,444,456,453,452,454,452,475,450
721,449,489,444,456,453,452,454,452,475,450
722,449,489,444,456,453,452,454,452,475,450
723,449,489,444,456,453,452,454,452,475,450
724,449,489,444,456,453,452,454,452,475,450
725,449,489,444,456,453,452,454,452,475,450
726,449,489,444,456,453,452,454,452,475,450
727,449,489,444,456,453,452,454,452,475,450
728,449,489,444,456,453,452,454,452,475,450
729,449,489,444,456,453,452,454,452,475,450
730,449,489,444,456,453,452,454,452,475,450
731,449,489,444,456,453,452,454,452,475,450
732,449,489,444,456,453,452,454,452,475,450
733,449,489,444,456,453,452,454,452,475,450
734,449,489,444,456,453,452,454,452,475,450
735,449,489,444,456,453,452,454,452,475,450
736,449,489,444,456,453,452,454,452,475,450
737,449,489,444,456,453,452,454,452,475,450
738,449,489,444,456,453,452,454,452,475,450
739,449,489,444,456,453,452,454,452,475,450
740,449,489,444,456,453,452,454,452,475,450
741,449,489,444,456,453,452,454,452,475,450
742,449,489,444,456,453,452,454,452,475,450
743,449,489,444,456,453,452,454,452,475,450
744,449,489,444,456,453,452,454,452,475,450
745,449,489,444,456,453,452,454,452,475,450
746,449,489,444,456,453,452,454,452,475,450
747,449,489,444,456,453,452,454,452,475,450
748,449,489,444,456,453,452,454,452,475,450
749,449,489,444,456,453,452,454,452,475,450
750,449,489,444,456,453,452,454,452,475,450
751,449,489,444,456,453,452,454,452,475,450
752,449,489,444,456,453,452,454,452,475,450
753,449,489,444,456,453,452,454,452,475,450
754,449,489,444,456,453,452,454,452,475,450
755,449,489,444,456,453,452,454,452,475,450
756,449,489,444,456,453,452,454,452,475,450
757,449,489,444,456,453,452,454,452,475,450
758,449,489,444,456,453,452,454,452,475,450
759,449,489,444,456,453,452,454,452,475,450
760,449,489,444,456,453,452,454,452,475,450
761,449,489,444,456,453,452,454,452,475,450
762,449,489,444,456,453,452,454,452,475,450
763,449,489,444,456,453,452,454,452,475,450
764,449,489,444,456,453,452,454,452,475,450
765,449,489,444,456,453,452,454,452,475,450
766,449,489,444,456,453,452,454,452,475,450
767,449,489,444,456,453,452,454,452,475,450
768,449,489,444,456,453,452,454,452,475,450
769,449,489,444,456,453,452,454,452,475,450
770,449,489,444,456,453,452,454,452,475,450
771,449,489,444,456,453,452,454,452,475,450
772,449,489,444,456,453,452,454,452,475,450
773,449,489,444,456,453,452,454,452,475,450
774,449,489,444,456,453,452,454,452,475,450
775,449,489,444,456,453,452,454,452,475,450
776,449,489,444,456,453,452,454,452,475,450
777,449,489,444,456,453,452,454,452,475,450
778,449,489,444,456,453,452,454,452,475,450
779,449,489,444,456,453,452,454,452,475,450
780,449,489,444,456,453,452,454,452,475,450
781,449,489,444,456,453,452,454,452,475,450
782,449,489,444,456,453,452,454,452,475,450
783,449,489,444,456,453,452,454,452,475,450
784,449,489,444,456,453,452,454,452,475,450
785,449,489,444,456,453,452,454,452,475,450
786,449,489,444,456,453,452,454,452,475,450
787,449,489,444,456,453,452,454,452,475,450
788,449,489,444,456,453,452,454,452,475,450
789,449,489,444,456,453,452,454,452,475,450
790,449,489,444,456,453,452,454,452,475,450
791,449,489,444,456,453,452,454,452,475,450
792,449,489,444,456,453,452,454,452,475,450
793,449,489,444,456,453,452,454,452,475,450
794,449,489,444,456,453,452,454,452,475,450
795,449,489,444,456,453,452,454,452,475,450
796,449,489,444,456,453,452,454,452,475,450
797,449,489,444,456,453,452,454,452,475,450
798,449,489,444,456,453,452,454,452,475,450
799,449,489,444,456,453,452,454,452,475,450
800,449,489,444,456,453,452,454,452,475,450
801,449,489,444,456,453,452,454,452,475,450
802,449,489,444,456,453,452,454,452,475,450
803,449,489,444,456,453,452,454,452,475,450
804,449,489,444,456,453,452,454,452,475,450
805,449,489,444,456,453,452,454,452,475,450
806,449,489,444,456,453,452,454,452,475,450
807,449,489,444,456,453,452,454,452,475,450
808,449,489,444,456,453,452,454,452,475,450
809,449,489,444,456,453,452,454,452,475,450
810,449,489,444,456,453,452,454,452,475,450
811,449,489,444,456,453,452,454,452,475,450
812,449,489,444,456,453,452,454,452,475,450
813,449,489,444,456,453,452,454,452,475,450
814,449,489,444,456,453,452,454,452,475,450
815,449,489,444,456,453,452,454,452,475,450
816,449,489,444,456,453,452,454,452,475,450
817,449,489,444,456,453,452,454,452,475,450
818,449,489,444,456,453,452,454,452,475,450
819,449,489,444,456,453,452,454,452,475,450
820,449,489,444,456,453,452,454,452,475,450
821,449,489,444,456,453,452,454,452,475,450
822,449,489,444,456,453,452,454,452,475,450
823,449,489,444,456,453,452,454,452,475,450
824,449,489,444,456,453,452,454,452,475,450
825,449,489,444,456,453,452,454,452,475,450
826,449,489,444,456,453,452,454,452,475,450
827,449,489,444,456,453,452,454,452,475,450
828,449,489,444,456,453,452,454,452,475,450
829,449,489,444,456,453,452,454,452,475,450
830,449,489,444,456,453,452,454,452,475,450
831,449,489,444,456,453,452,454,452,475,450
832,449,489,444,456,453,452,454,452,475,450
833,449,489,444,456,453,452,454,452,475,450
834,449,489,444,456,453,452,454,452,475,450
835,449,489,444,456,453,452,454,452,475,450
836,449,489,444,456,453,452,454,452,475,450
837,449,489,444,456,453,452,454,452,475,450
838,449,489,444,456,453,452,454,452,475,450
839,449,489,444,456,453,452,454,452,475,450
840,449,489,444,456,453,452,454,452,475,450
841,449,489,444,456,453,452,454,452,475,450
842,449,489,444,456,453,452,454,452,475,450
843,449,489,444,456,453,452,454,452,475,450
844,449,489,444,456,453,452,454,452,475,450
845,449,489,444,456,453,452,454,452,475,450
846,449,489,444,456,453,452,454,452,475,450
847,449,489,444,456,453,452,454,452,475,450
848,449,489,444,456,453,452,454,452,475,450
849,449,489,444,456,453,452,454,452,475,450
850,449,489,444,456,453,452,454,452,475,450
851,449,489,444,456,453,452,454,452,475,450
852,449,489,444,456,453,452,454,452,475,450
853,449,489,444,456,453,452,454,452,475,450
854,449,489,444,456,453,452,454,452,475,450
855,449,489,444,456,453,452,454,452,475,450
856,449,489,444,456,453,452,454,452,475,450
857,449,489,444,456,453,452,454,452,475,450
858,449,489,444,456,453,452,454,452,475,450
859,449,489,444,456,453,452,454,452,475,450
860,449,489,444,456,453,452,454,452,475,450
861,449,489,444,456,453,452,454,452,475,450
862,449,489,444,456,453,452,454,452,475,450
863,449,489,444,456,453,452,454,452,475,450
864,449,489,444,456,453,452,454,452,475,450
865,449,489,444,456,453,452,454,452,475,450
866,449,489,444,456,453,452,454,452,475,450
867,449,489,444,456,453,452,454,452,475,450
868,449,489,444,456,453,452,454,452,475,450
869,449,489,444,456,453,452,454,452,475,450
870,449,489,444,456,453,452,454,452,475,450
871,449,489,444,456,453,452,454,452,475,450
872,449,489,444,456,453,452,454,452,475,450
873,449,489,444,456,453,452,454,452,475,450
874,449,489,444,456,453,452,454,452,475,450
875,449,489,444,456,453,452,454,452,475,450
876,449,489,444,456,453,452,454,452,475,450
877,449,489,444,456,453,452,454,452,475,450
878,449,489,444,456,453,452,454,452,475,450
879,449,489,444,456,453,452,454,452,475,450
880,449,489,444,456,453,452,454,452,475,450
881,449,489,444,456,453,452,454,452,475,450
882,449,489,444,456,453,452,454,452,475,450
883,449,489,444,456,453,452,454,452,475,450
884,449,489,444,456,453,452,454,452,475,450
885,449,489,444,456,453,452,454,452,475,450
886,449,489,444,456,453,452,454,452,475,450
887,449,489,444,456,453,452,454,452,475,450
888,449,489,444,456,453,452,454,452,475,450
889,449,489,444,456,453,452,454,452,475,450
890,449,489,444,456,453,452,454,452,475,450
891,449,489,444,456,453,452,454,452,475,450
892,449,489,444,456,453,452,454,452,475,450
893,449,489,444,456,453,452,454,452,475,450
894,449,489,444,456,453,452,454,452,475,450
895,449,489,444,456,453,452,454,452,475,450
896,449,489,444,456,453,452,454,452,475,450
897,449,489,444,456,453,452,454,452,475,450
898,449,489,444,456,453,452,454,452,475,450
899,449,489,444,456,453,452,454,452,475,450
900,449,489,444,456,453,452,454,452,475,450
901,449,489,444,456,453,452,454,452,475,450
902,449,489,444,456,453,452,454,452,475,450
903,449,489,444,456,453,452,454,452,475,450
904,449,489,444,456,453,452,454,452,475,450
905,449,489,444,456,453,452,454,452,475,450
906,449,489,444,456,453,452,454,452,475,450
907,449,489,444,456,453,452,454,452,475,450
908,449,489,444,456,453,452,454,452,475,450
909,449,489,444,456,453,452,454,452,475,450
910,449,489,444,456,453,452,454,452,475,450
911,449,489,444,456,453,452,454,452,475,450
912,449,489,444,456,453,452,454,452,475,450
913,449,489,444,456,453,452,454,452,475,450
914,449,489,444,456,453,452,454,452,475,450
915,449,489,444,456,453,452,454,452,475,450
916,449,489,444,456,453,452,454,452,475,450
917,449,489,444,456,453,452,454,452,475,450
918,449,489,444,456,453,452,454,452,475,450
919,449,489,444,456,453,452,454,452,475,450
920,449,489,444,456,453,452,454,452,475,450
921,449,489,444,456,453,452,454,452,475,450
922,449,489,444,456,453,452,454,452,475,450
923,449,489,444,456,453,452,454,452,475,450
924,449,489,444,456,453,452,454,452,475,450
925,449,489,444,456,453,452,454,452,475,450
926,449,489,444,456,453,452,454,452,475,450
927,449,489,444,456,453,452,454,452,475,450
928,449,489,444,456,453,452,454,452,475,450
929,449,489,444,456,453,452,454,452,475,450
930,449,489,444,456,453,452,454,452,475,450
931,449,489,444,456,453,452,454,452,475,450
932,449,489,444,456,453,452,454,452,475,450
933,449,489,444,456,453,452,454,452,475,450
934,449,489,444,456,453,452,454,452,475,450
935,449,489,444,456,453,452,454,452,475,450
936,449,489,444,456,453,452,454,452,475,450
937,449,489,444,456,453,452,454,452,475,450
938,449,489,444,456,453,452,454,452,475,450
939,449,489,444,456,453,452,454,452,475,450
940,449,489,444,456,453,452,454,452,475,450
941,449,489,444,456,453,452,454,452,475,450
942,449,489,444,456,453,452,454,452,475,450
943,449,489,444,456,453,452,454,452,475,450
944,449,489,444,456,453,452,454,452,475,450
945,449,489,444,456,453,452,454,452,475,450
946,449,489,444,456,453,452,454,452,475,450
947,449,489,444,456,453,452,454,452,475,450
948,449,489,444,456,453,452,454,452,475,450
949,449,489,444,456,453,452,454,452,475,450
950,449,489,444,456,453,452,454,452,475,450
951,449,489,444,456,453,452,454,452,475,450
952,449,489,444,456,453,452,454,452,475,450
953,449,489,444,456,453,452,454,452,475,450
954,449,489,444,456,453,452,454,452,475,450
955,449,489,444,456,453,452,454,452,475,450
956,449,489,444,456,453,452,454,452,475,450
957,449,489,444,456,453,452,454,452,475,450
958,449,489,444,456,453,452,454,452,475,450
959,449,489,444,456,453,452,454,452,475,450
960,449,489,444,456,453,452,454,452,475,450
961,449,489,444,456,453,452,454,452,475,450
962,449,489,444,456,453,452,454,452,475,450
963,449,489,444,456,453,452,454,452,475,450
964,449,489,444,456,453,452,454,452,475,450
965,449,489,444,456,453,452,454,452,475,450
966,449,489,444,456,453,452,454,452,475,450
967,449,489,444,456,453,452,454,452,475,450
968,449,489,444,456,453,452,454,452,475,450
969,449,489,444,456,453,452,454,452,475,450
970,449,489,444,456,453,452,454,452,475,450
971,449,489,444,456,453,452,454,452,475,450
972,449,489,444,456,453,452,454,452,475,450
973,449,489,444,456,453,452,454,452,475,450
974,449,489,444,456,453,452,454,452,475,450
975,449,489,444,456,453,452,454,452,475,450
976,449,489,444,456,453,452,454,452,475,450
977,449,489,444,456,453,452,454,452,475,450
978,449,489,444,456,453,452,454,452,475,450
979,449,489,444,456,453,452,454,452,475,450
980,449,489,444,456,453,452,454,452,475,450
981,449,489,444,456,453,452,454,452,475,450
982,449,489,444,456,453,452,454,452,475,450
983,449,489,444,456,453,452,454,452,475,450
984,449,489,444,456,453,452,454,452,475,450
985,449,489,444,456,453,452,454,452,475,450
986,449,489,444,456,453,452,454,452,475,450
987,449,489,444,456,453,452,454,452,475,450
988,449,489,444,456,453,452,454,452,475,450
989,449,489,444,456,453,452,454,452,475,450
990,449,489,444,456,453,452,454,452,475,450
991,449,489,444,456,453,452,454,452,475,450
992,449,489,444,456,453,452,454,452,475,450
993,449,489,444,456,453,452,454,452,475,450
994,449,489,444,456,453,452,454,452,475,450
995,449,489,444,456,453,452,454,452,475,450
996,449,489,444,456,453,452,454,452,475,450
997,449,489,444,456,453,452,454,452,475,450
998,449,489,444,456,453,452,454,452,475,450
999,449,489,444,456,453,452,454,452,475,450
1000,449,489,444,456,453,452,454,452,475,450
1001,449,489,444,456,453,452,454,452,475,450
1002,449,489,444,456,453,452,454,452,475,450
1003,449,489,444,456,453,452,454,452,475,450
1004,449,489,444,456,453,452,454,452,475,450
1005,449,489,444,456,453,452,454,452,475,450
1006,449,489,444,456,453,452,454,452,475,450
1007,449,489,444,456,453,452,454,452,475,450
1008,449,489,444,456,453,452,454,452,475,450
1009,449,489,444,456,453,452,454,452,475,450
1010,449,489,444,456,453,452,454,452,475,450
1011,449,489,444,456,453,452,454,452,475,450
1012,449,489,444,456,453,452,454,452,475,450
1013,449,489,444,456,453,452,454,452,475,450
1014,449,489,444,456,453,452,454,452,475,450
1015,449,489,444,456,453,452,454,452,475,450
1016,449,489,444,456,453,452,454,452,475,450
1017,449,489,444,456,453,452,454,452,475,450
1018,449,489,444,456,453,452,454,452,475,450
1019,449,489,444,456,453,452,454,452,475,450
1020,449,489,444,456,453,452,454,452,475,450
1021,449,489,444,456,453,452,454,452,475,450
1022,449,489,444,456,453,452,454,452,475,450
1023,449,489,444,456,453,452,454,452,475,450
1024,449,489,444,456,453,452,454,452,475,450
1025,449,489,444,456,453,452,454,452,475,450
1026,449,489,444,456,453,452,454,452,475,450
1027,449,489,444,456,453,452,454,452,475,450
1028,449,489,444,456,453,452,454,452,475,450
1029,449,489,444,456,453,452,454,452,475,450
1030,449,489,444,456,453,452,454,452,475,450
1031,449,489,444,456,453,452,454,452,475,450
1032,449,489,444,456,453,452,454,452,475,450
1033,449,489,444,456,453,452,454,452,475,450
1034,449,489,444,456,453,452,454,452,475,450
1035,449,489,444,456,453,452,454,452,475,450
1036,449,489,444,456,453,452,454,452,475,450
1037,449,489,444,456,453,452,454,452,475,450
1038,449,489,444,456,453,452,454,452,475,450
1039,449,489,444,456,453,452,454,452,475,450
1040,449,489,444,456,453,452,454,452,475,450
1041,449,489,444,456,453,452,454,452,475,450
1042,449,489,444,456,453,452,454,452,475,450
1043,449,489,444,456,453,452,454,452,475,450
1044,449,489,444,456,453,452,454,452,475,450
1045,449,489,444,456,453,452,454,452,475,450
1046,449,489,444,456,453,452,454,452,475,450
1047,449,489,444,456,453,452,454,452,475,450
1048,449,489,444,456,453,452,454,452,475,450
1049,449,489,444,456,453,452,454,452,475,450
1050,449,489,444,456,453,452,454,452,475,450
1051,449,489,444,456,453,452,454,452,475,450
1052,449,489,444,456,453,452,454,452,475,450
1053,449,489,444,456,453,452,454,452,475,450
1054,449,489,444,456,453,452,454,452,475,450
1055,449,489,444,456,453,452,454,452,475,450
1056,449,489,444,456,453,452,454,452,475,450
1057,449,489,444,456,453,452,454,452,475,450
1058,449,489,444,456,453,452,454,452,475,450
1059,449,489,444,456,453,452,454,452,475,450
1060,449,489,444,456,453,452,454,452,475,450
1061,449,489,444,456,453,452,454,452,475,450
1062,449,489,444,456,453,452,454,452,475,450
1063,449,489,444,456,453,452,454,452,475,450
1064,449,489,444,456,453,452,454,452,475,450
1065,449,489,444,456,453,452,454,452,475,450
1066,449,489,444,456,453,452,454,452,475,450
1067,449,489,444,456,453,452,454,452,475,450
1068,449,489,444,456,453,452,454,452,475,450
1069,449,489,444,456,453,452,454,452,475,450
1070,449,489,444,456,453,452,454,452,475,450
1071,449,489,444,456,453,452,454,452,475,450
1072,449,489,444,456,453,452,454,452,475,450
1073,449,489,444,456,453,452,454,452,475,450
1074,449,489,444,456,453,452,454,452,475,450
1075,449,489,444,456,453,452,454,452,475,450
1076,449,489,444,456,453,452,454,452,475,450
1077,449,489,444,456,453,452,454,452,475,450
1078,449,489,444,456,453,452,454,452,475,450
1079,449,489,444,456,453,452,454,452,475,450
1080,449,489,444,456,453,452,454,452,475,450
1081,449,489,444,456,453,452,454,452,475,450
1082,449,489,444,456,453,452,454,452,475,450
1083,449,489,444,456,453,452,454,452,475,450
1084,449,489,444,456,453,452,454,452,475,450
1085,449,489,444,456,453,452,454,452,475,450
1086,449,489,444,456,453,452,454,452,475,450
1087,449,489,444,456,453,452,454,452,475,450
1088,449,489,444,456,453,452,454,452,475,450
1089,449,489,444,456,453,452,454,452,475,450
1090,449,489,444,456,453,452,454,452,475,450
1091,449,489,444,456,453,452,454,452,475,450
1092,449,489,444,456,453,452,454,452,475,450
1093,449,489,444,456,453,452,454,452,475,450
1094,449,489,444,456,453,452,454,452,475,450
1095,449,489,444,456,453,452,454,452,475,450
1096,449,489,444,456,453,452,454,452,475,450
1097,449,489,444,456,453,452,454,452,475,450
1098,449,489,444,456,453,452,454,452,475,450
1099,449,489,444,456,453,452,454,452,475,450
1100,449,489,444,456,453,452,454,452,475,450
1101,449,489,444,456,453,452,454,452,475,450
1102,449,489,444,456,453,452,454,452,475,450
1103,449,489,444,456,453,452,454,452,475,450
1104,449,489,444,456,453,452,454,452,475,450
1105,449,489,444,456,453,452,454,452,475,450
1106,449,489,444,456,453,452,454,452,475,450
1107,449,489,444,456,453,452,454,452,475,450
1108,449,489,444,456,453,452,454,452,475,450
1109,449,489,444,456,453,452,454,452,475,450
1110,449,489,444,456,453,452,454,452,475,450
1111,449,489,444,456,453,452,454,452,475,450
1112,449,489,444,456,453,452,454,452,475,450
1113,449,489,444,456,453,452,454,452,475,450
1114,449,489,444,456,453,452,454,452,475,450
1115,449,489,444,456,453,452,454,452,475,450
1116,449,489,444,456,453,452,454,452,475,450
1117,449,489,444,456,453,452,454,452,475,450
1118,449,489,444,456,453,452,454,452,475,450
1119,449,489,444,456,453,452,454,452,475,450
1120,449,489,444,456,453,452,454,452,475,450
1121,449,489,444,456,453,452,454,452,475,450
1122,449,489,444,456,453,452,454,452,475,450
1123,449,489,444,456,453,452,454,452,475,450
1124,449,489,444,456,453,452,454,452,475,450
1125,449,489,444,456,453,452,454,452,475,450
1126,449,489,444,456,453,452,454,452,475,450
1127,449,489,444,456,453,452,454,452,475,450
1128,449,489,444,456,453,452,454,452,475,450
1129,449,489,444,456,453,452,454,452,475,450
1130,449,489,444,456,453,452,454,452,475,450
1131,449,489,444,456,453,452,454,452,475,450
1132,449,489,444,456,453,452,454,452,475,450
1133,449,489,444,456,453,452,454,452,475,450
1134,449,489,444,456,453,452,454,452,475,450
1135,449,489,444,456,453,452,454,452,475,450
1136,449,489,444,456,453,452,454,452,475,450
1137,449,489,444,456,453,452,454,452,475,450
1138,449,489,444,456,453,452,454,452,475,450
1139,449,489,444,456,453,452,454,452,475,450
1140,449,489,444,456,453,452,454,452,475,450
1141,449,489,444,456,453,452,454,452,475,450
1142,449,489,444,456,453,452,454,452,475,450
1143,449,489,444,456,453,452,454,452,475,450
1144,449,489,444,456,453,452,454,452,475,450
1145,449,489,444,456,453,452,454,452,475,450
1146,449,489,444,456,453,452,454,452,475,450
1147,449,489,444,456,453,452,454,452,475,450
1148,449,489,444,456,453,452,454,452,475,450
1149,449,489,444,456,453,452,454,452,475,450
1150,449,489,444,456,453,452,454,452,475,450
1151,449,489,444,456,453,452,454,452,475,450
1152,449,489,444,456,453,452,454,452,475,450
1153,449,489,444,456,453,452,454,452,475,450
1154,449,489,444,456,453,452,454,452,475,450
1155,449,489,444,456,453,452,454,452,475,450
1156,449,489,444,456,453,452,454,452,475,450
1157,449,489,444,456,453,452,454,452,475,450
1158,449,489,444,456,453,452,454,452,475,450
1159,449,489,444,456,453,452,454,452,475,450
1160,449,489,444,456,453,452,454,452,475,450
1161,449,489,444,456,453,452,454,452,475,450
1162,449,489,444,456,453,452,454,452,475,450
1163,449,489,444,456,453,452,454,452,475,450
1164,449,489,444,456,453,452,454,452,475,450
1165,449,489,444,456,453,452,454,452,475,450
1166,449,489,444,456,453,452,454,452,475,450
1167,449,489,444,456,453,452,454,452,475,450
1168,449,489,444,456,453,452,454,452,475,450
1169,449,489,444,456,453,452,454,452,475,450
1170,449,489,444,456,453,452,454,452,475,450
1171,449,489,444,456,453,452,454,452,475,450
1172,449,489,444,456,453,452,454,452,475,450
1173,449,489,444,456,453,452,454,452,475,450
1174,449,489,444,456,453,452,454,452,475,450
1175,449,489,444,456,453,452,454,452,475,450
1176,449,489,444,456,453,452,454,452,475,450
1177,449,489,444,456,453,452,454,452,475,450
1178,449,489,444,456,453,452,454,452,475,450
1179,449,489,444,456,453,452,454,452,475,450
1180,449,489,444,456,453,452,454,452,475,450
1181,449,489,444,456,453,452,454,452,475,450
1182,449,489,444,456,453,452,454,452,475,450
1183,449,489,444,456,453,452,454,452,475,450
1184,449,489,444,456,453,452,454,452,475,450
1185,449,489,444,456,453,452,454,452,475,450
1186,449,489,444,456,453,452,454,452,475,450
1187,449,489,444,456,453,452,454,452,475,450
1188,449,489,444,456,453,452,454,452,475,450
1189,449,489,444,456,453,452,454,452,475,450
1190,449,489,444,456,453,452,454,452,475,450
1191,449,489,444,456,453,452,454,452,475,450
1192,449,489,444,456,453,452,454,452,475,450
1193,449,489,444,456,453,452,454,452,475,450
1194,449,489,444,456,453,452,454,452,475,450
1195,449,489,444,456,453,452,454,452,475,450
1196,449,489,444,456,453,452,454,452,475,450
1197,449,489,444,456,453,452,454,452,475,450
1198,449,489,444,456,453,452,454,452,475,450
1199,449,489,444,456,453,452,454,452,475,450
1200,449,489,444,456,453,452,454,452,475,450
1201,449,489,444,456,453,452,454,452,475,450
1202,449,489,444,456,453,452,454,452,475,450
1203,449,489,444,456,453,452,454,452,475,450
1204,449,489,444,456,453,452,454,452,475,450
1205,449,489,444,456,453,452,454,452,475,450
1206,449,489,444,456,453,452,454,452,475,450
1207,449,489,444,456,453,452,454,452,475,450
1208,449,489,444,456,453,452,454,452,475,450
1209,449,489,444,456,453,452,454,452,475,450
1210,449,489,444,456,453,452,454,452,475,450
1211,449,489,444,456,453,452,454,452,475,450
1212,449,489,444,456,453,452,454,452,475,450
1213,449,489,444,456,453,452,454,452,475,450
1214,449,489,444,456,453,452,454,452,475,450
1215,449,489,444,456,453,452,454,452,475,450
1216,449,489,444,456,453,452,454,452,475,450
1217,449,489,444,456,453,452,454,452,475,450
1218,449,489,444,456,453,452,454,452,475,450
1219,449,489,444,456,453,452,454,452,475,450
1220,449,489,444,456,453,452,454,452,475,450
1221,449,489,444,456,453,452,454,452,475,450
1222,449,489,444,456,453,452,454,452,475,450
1223,449,489,444,456,453,452,454,452,475,450
1224,449,489,444,456,453,452,454,452,475,450
1225,449,489,444,456,453,452,454,452,475,450
1226,449,489,444,456,453,452,454,452,475,450
1227,449,489,444,456,453,452,454,452,475,450
1228,449,489,444,456,453,452,454,452,475,450
1229,449,489,444,456,453,452,454,452,475,450
1230,449,489,444,456,453,452,454,452,475,450
1231,449,489,444,456,453,452,454,452,475,450
1232,449,489,444,456,453,452,454,452,475,450
1233,449,489,444,456,453,452,454,452,475,450
1234,449,489,444,456,453,452,454,452,475,450
1235,449,489,444,456,453,452,454,452,475,450
1236,449,489,444,456,453,452,454,452,475,450
1237,449,489,444,456,453,452,454,452,475,450
1238,449,489,444,456,453,452,454,452,475,450
1239,449,489,444,456,453,452,454,452,475,450
1240,449,489,444,456,453,452,454,452,475,450
1241,449,489,444,456,453,452,454,452,475,450
1242,449,489,444,456,453,452,454,452,475,450
1243,449,489,444,456,453,452,454,452,475,450
1244,449,489,444,456,453,452,454,452,475,450
1245,449,489,444,456,453,452,454,452,475,450
1246,449,489,444,456,453,452,454,452,475,450
1247,449,489,444,456,453,452,454,452,475,450
1248,449,489,444,456,453,452,454,452,475,450
1249,449,489,444,456,453,452,454,452,475,450
1250,449,489,444,456,453,452,454,452,475,450
1251,449,489,444,456,453,452,454,452,475,450
1252,449,489,444,456,453,452,454,452,475,450
1253,449,489,444,456,453,452,454,452,475,450
1254,449,489,444,456,453,452,454,452,475,450
1255,449,489,444,456,453,452,454,452,475,450
1256,449,489,444,456,453,452,454,452,475,450
1257,449,489,444,456,453,452,454,452,475,450
1258,449,489,444,456,453,452,454,452,475,450
1259,449,489,444,456,453,452,454,452,475,450
1260,449,489,444,456,453,452,454,452,475,450
1261,449,489,444,456,453,452,454,452,475,450
1262,449,489,444,456,453,452,454,452,475,450
1263,449,489,444,456,453,452,454,452,475,450
1264,449,489,444,456,453,452,454,452,475,450
1265,449,489,444,456,453,452,454,452,475,450
1266,449,489,444,456,453,452,454,452,475,450
1267,449,489,444,456,453,452,454,452,475,450
1268,449,489,444,456,453,452,454,452,475,450
1269,449,489,444,456,453,452,454,452,475,450
1270,449,489,444,456,453,452,454,452,475,450
1271,449,489,444,456,453,452,454,452,475,450
1272,449,489,444,456,453,452,454,452,475,450
1273,449,489,444,456,453,452,454,452,475,450
1274,449,489,444,456,453,452,454,452,475,450
1275,449,489,444,456,453,452,454,452,475,450
1276,449,489,444,456,453,452,454,452,475,450
1277,449,489,444,456,453,452,454,452,475,450
1278,449,489,444,456,453,452,454,452,475,450
1279,449,489,444,456,453,452,454,452,475,450
1280,449,489,444,456,453,452,454,452,475,450
1281,449,489,444,456,453,452,454,452,475,450
1282,449,489,444,456,453,452,454,452,475,450
1283,449,489,444,456,453,452,454,452,475,450
1284,449,489,444,456,453,452,454,452,475,450
1285,449,489,444,456,453,452,454,452,475,450
1286,449,489,444,456,453,452,454,452,475,450
1287,449,489,444,456,453,452,454,452,475,450
1288,449,489,444,456,453,452,454,452,475,450
1289,449,489,444,456,453,452,454,452,475,450
1290,449,489,444,456,453,452,454,452,475,450
1291,449,489,444,456,453,452,454,452,475,450
1292,449,489,444,456,453,452,454,452,475,450
1293,449,489,444,456,453,452,454,452,475,450
1294,449,489,444,456,453,452,454,452,475,450
1295,449,489,444,456,453,452,454,452,475,450
1296,449,489,444,456,453,452,454,452,475,450
1297,449,489,444,456,453,452,454,452,475,450
1298,449,489,444,456,453,452,454,452,475,450
1299,449,489,444,456,453,452,454,452,475,450
1300,449,489,444,456,453,452,454,452,475,450
1301,449,489,444,456,453,452,454,452,475,450
1302,449,489,444,456,453,452,454,452,475,450
1303,449,489,444,456,453,452,454,452,475,450
1304,449,489,444,456,453,452,454,452,475,450
1305,449,489,444,456,453,452,454,452,475,450
1306,449,489,444,456,453,452,454,452,475,450
1307,449,489,444,456,453,452,454,452,475,450
1308,449,489,444,456,453,452,454,452,475,450
1309,449,489,444,456,453,452,454,452,475,450
1310,449,489,444,456,453,452,454,452,475,450
1311,449,489,444,456,453,452,454,452,475,450
1312,449,489,444,456,453,452,454,452,475,450
1313,449,489,444,456,453,452,454,452,475,450
1314,449,489,444,456,453,452,454,452,475,450
1315,449,489,444,456,453,452,454,452,475,450
1316,449,489,444,456,453,452,454,452,475,450
1317,449,489,444,456,453,452,454,452,475,450
1318,449,489,444,456,453,452,454,452,475,450
1319,449,489,444,456,453,452,454,452,475,450
1320,449,489,444,456,453,452,454,452,475,450
1321,449,489,444,456,453,452,454,452,475,450
1322,449,489,444,456,453,452,454,452,475,450
1323,449,489,444,456,453,452,454,452,475,450
1324,449,489,444,456,453,452,454,452,475,450
1325,449,489,444,456,453,452,454,452,475,450
1326,449,489,444,456,453,452,454,452,475,450
1327,449,489,444,456,453,452,454,452,475,450
1328,449,489,444,456,453,452,454,452,475,450
1329,449,489,444,456,453,452,454,452,475,450
1330,449,489,444,456,453,452,454,452,475,450
1331,449,489,444,456,453,452,454,452,475,450
1332,449,489,444,456,453,452,454,452,475,450
1333,449,489,444,456,453,452,454,452,475,450
1334,449,489,444,456,453,452,454,452,475,450
1335,449,489,444,456,453,452,454,452,475,450
1336,449,489,444,456,453,452,454,452,475,450
1337,449,489,444,456,453,452,454,452,475,450
1338,449,489,444,456,453,452,454,452,475,450
1339,449,489,444,456,453,452,454,452,475,450
1340,449,489,444,456,453,452,454,452,475,450
1341,449,489,444,456,453,452,454,452,475,450
1342,449,489,444,456,453,452,454,452,475,450
1343,449,489,444,456,453,452,454,452,475,450
1344,449,489,444,456,453,452,454,452,475,450
1345,449,489,444,456,453,452,454,452,475,450
1346,449,489,444,456,453,452,454,452,475,450
1347,449,489,444,456,453,452,454,452,475,450
1348,449,489,444,456,453,452,454,452,475,450
1349,449,489,444,456,453,452,454,452,475,450
1350,449,489,444,456,453,452,454,452,475,450
1351,449,489,444,456,453,452,454,452,475,450
1352,449,489,444,456,453,452,454,452,475,450
1353,449,489,444,456,453,452,454,452,475,450
1354,449,489,444,456,453,452,454,452,475,450
1355,449,489,444,456,453,452,454,452,475,450
1356,449,489,444,456,453,452,454,452,475,450
1357,449,489,444,456,453,452,454,452,475,450
1358,449,489,444,456,453,452,454,452,475,450
1359,449,489,444,456,453,452,454,452,475,450
1360,449,489,444,456,453,452,454,452,475,450
1361,449,489,444,456,453,452,454,452,475,450
1362,449,489,444,456,453,452,454,452,475,450
1363,449,489,444,456,453,452,454,452,475,450
1364,449,489,444,456,453,452,454,452,475,450
1365,449,489,444,456,453,452,454,452,475,450
1366,449,489,444,456,453,452,454,452,475,450
1367,449,489,444,456,453,452,454,452,475,450
1368,449,489,444,456,453,452,454,452,475,450
1369,449,489,444,456,453,452,454,452,475,450
1370,449,489,444,456,453,452,454,452,475,450
1371,449,489,444,456,453,452,454,452,475,450
1372,449,489,444,456,453,452,454,452,475,450
1373,449,489,444,456,453,452,454,452,475,450
1374,449,489,444,456,453,452,454,452,475,450
1375,449,489,444,456,453,452,454,452,475,450
1376,449,489,444,456,453,452,454,452,475,450
1377,449,489,444,456,453,452,454,452,475,450
1378,449,489,444,456,453,452,454,452,475,450
1379,449,489,444,456,453,452,454,452,475,450
1380,449,489,444,456,453,452,454,452,475,450
1381,449,489,444,456,453,452,454,452,475,450
1382,449,489,444,456,453,452,454,452,475,450
1383,449,489,444,456,453,452,454,452,475,450
1384,449,489,444,456,453,452,454,452,475,450
1385,449,489,444,456,453,452,454,452,475,450
1386,449,489,444,456,453,452,454,452,475,450
1387,449,489,444,456,453,452,454,452,475,450
1388,449,489,444,456,453,452,454,452,475,450
1389,449,489,444,456,453,452,454,452,475,450
1390,449,489,444,456,453,452,454,452,475,450
1391,449,489,444,456,453,452,454,452,475,450
1392,449,489,444,456,453,452,454,452,475,450
1393,449,489,444,456,453,452,454,452,475,450
1394,449,489,444,456,453,452,454,452,475,450
1395,449,489,444,456,453,452,454,452,475,450
1396,449,489,444,456,453,452,454,452,475,450
1397,449,489,444,456,453,452,454,452,475,450
1398,449,489,444,456,453,452,454,452,475,450
1399,449,489,444,456,453,452,454,452,475,450
1400,449,489,444,456,453,452,454,452,475,450
1401,449,489,444,456,453,452,454,452,475,450
1402,449,489,444,456,453,452,454,452,475,450
1403,449,489,444,456,453,452,454,452,475,450
1404,449,489,444,456,453,452,454,452,475,450
1405,449,489,444,456,453,452,454,452,475,450
1406,449,489,444,456,453,452,454,452,475,450
1407,449,489,444,456,453,452,454,452,475,450
1408,449,489,444,456,453,452,454,452,475,450
1409,449,489,444,456,453,452,454,452,475,450
1410,449,489,444,456,453,452,454,452,475,450
1411,449,489,444,456,453,452,454,452,475,450
1412,449,489,444,456,453,452,454,452,475,450
1413,449,489,444,456,453,452,454,452,475,450
1414,449,489,444,456,453,452,454,452,475,450
1415,449,489,444,456,453,452,454,452,475,450
1416,449,489,444,456,453,452,454,452,475,450
1417,449,489,444,456,453,452,454,452,475,450
1418,449,489,444,456,453,452,454,452,475,450
1419,449,489,444,456,453,452,454,452,475,450
1420,449,489,444,456,453,452,454,452,475,450
1421,449,489,444,456,453,452,454,452,475,450
1422,449,489,444,456,453,452,454,452,475,450
1423,449,489,444,456,453,452,454,452,475,450
1424,449,489,444,456,453,452,454,452,475,450
1425,449,489,444,456,453,452,454,452,475,450
1426,449,489,444,456,453,452,454,452,475,450
1427,449,489,444,456,453,452,454,452,475,450
1428,449,489,444,456,453,452,454,452,475,450
1429,449,489,444,456,453,452,454,452,475,450
1430,449,489,444,456,453,452,454,452,475,450
1431,449,489,444,456,453,452,454,452,475,450
1432,449,489,444,456,453,452,454,452,475,450
1433,449,489,444,456,453,452,454,452,475,450
1434,449,489,444,456,453,452,454,452,475,450
1435,449,489,444,456,453,452,454,452,475,450
1436,449,489,444,456,453,452,454,452,475,450
1437,449,489,444,456,453,452,454,452,475,450
1438,449,489,444,456,453,452,454,452,475,450
1439,449,489,444,456,453,452,454,452,475,450
1440,449,489,444,456,453,452,454,452,475,450
1441,449,489,444,456,453,452,454,452,475,450
1442,449,489,444,456,453,452,454,452,475,450
1443,449,489,444,456,453,452,454,452,475,450
1444,449,489,444,456,453,452,454,452,475,450
1445,449,489,444,456,453,452,454,452,475,450
1446,449,489,444,456,453,452,454,452,475,450
1447,449,489,444,456,453,452,454,452,475,450
1448,449,489,444,456,453,452,454,452,475,450
1449,449,489,444,456,453,452,454,452,475,450
1450,449,489,444,456,453,452,454,452,475,450
1451,449,489,444,456,453,452,454,452,475,450
1452,449,489,444,456,453,452,454,452,475,450
1453,449,489,444,456,453,452,454,452,475,450
1454,449,489,444,456,453,452,454,452,475,450
1455,449,489,444,456,453,452,454,452,475,450
1456,449,489,444,456,453,452,454,452,475,450
1457,449,489,444,456,453,452,454,452,475,450
1458,449,489,444,456,453,452,454,452,475,450
1459,449,489,444,456,453,452,454,452,475,450
1460,449,489,444,456,453,452,454,452,475,450
1461,449,489,444,456,453,452,454,452,475,450
1462,449,489,444,456,453,452,454,452,475,450
1463,449,489,444,456,453,452,454,452,475,450
1464,449,489,444,456,453,452,454,452,475,450
1465,449,489,444,456,453,452,454,452,475,450
1466,449,489,444,456,453,452,454,452,475,450
1467,449,489,444,456,453,452,454,452,475,450
1468,449,489,444,456,453,452,454,452,475,450
1469,449,489,444,456,453,452,454,452,475,450
1470,449,489,444,456,453,452,454,452,475,450
1471,449,489,444,456,453,452,454,452,475,450
1472,449,489,444,456,453,452,454,452,475,450
1473,449,489,444,456,453,452,454,452,475,450
1474,449,489,444,456,453,452,454,452,475,450
1475,449,489,444,456,453,452,454,452,475,450
1476,449,489,444,456,453,452,454,452,475,450
1477,449,489,444,456,453,452,454,452,475,450
1478,449,489,444,456,453,452,454,452,475,450
1479,449,489,444,456,453,452,454,452,475,450
1480,449,489,444,456,453,452,454,452,475,450
1481,449,489,444,456,453,452,454,452,475,450
1482,449,489,444,456,453,452,454,452,475,450
1483,449,489,444,456,453,452,454,452,475,450
1484,449,489,444,456,453,452,454,452,475,450
1485,449,489,444,456,453,452,454,452,475,450
1486,449,489,444,456,453,452,454,452,475,450
1487,449,489,444,456,453,452,454,452,475,450
1488,449,489,444,456,453,452,454,452,475,450
1489,449,489,444,456,453,452,454,452,475,450
1490,449,489,444,456,453,452,454,452,475,450
1491,449,489,444,456,453,452,454,452,475,450
1492,449,489,444,456,453,452,454,452,475,450
1493,449,489,444,456,453,452,454,452,475,450
1494,449,489,444,456,453,452,454,452,475,450
1495,449,489,444,456,453,452,454,452,475,450
1496,449,489,444,456,453,452,454,452,475,450
1497,449,489,444,456,453,452,454,452,475,450
1498,449,489,444,456,453,452,454,452,475,450
1499,449,489,444,456,453,452,454,452,475,450
1500,449,489,444,456,453,452,454,452,475,450
1501,449,489,444,456,453,452,454,452,475,450
1502,449,489,444,456,453,452,454,452,475,450
1503,449,489,444,456,453,452,454,452,475,450
1504,449,489,444,456,453,452,454,452,475,450
1505,449,489,444,456,453,452,454,452,475,450
1506,449,489,444,456,453,452,454,452,475,450
1507,449,489,444,456,453,452,454,452,475,450
1508,449,489,444,456,453,452,454,452,475,450
1509,449,489,444,456,453,452,454,452,475,450
1510,449,489,444,456,453,452,454,452,475,450
1511,449,489,444,456,453,452,454,452,475,450
1512,449,489,444,456,453,452,454,452,475,450
1513,449,489,444,456,453,452,454,452,475,450
1514,449,489,444,456,453,452,454,452,475,450
1515,449,489,444,456,453,452,454,452,475,450
1516,449,489,444,456,453,452,454,452,475,450
1517,449,489,444,456,453,452,454,452,475,450
1518,449,489,444,456,453,452,454,452,475,450
1519,449,489,444,456,453,452,454,452,475,450
1520,449,489,444,456,453,452,454,452,475,450
1521,449,489,444,456,453,452,454,452,475,450
1522,449,489,444,456,453,452,454,452,475,450
1523,449,489,444,456,453,452,454,452,475,450
1524,449,489,444,456,453,452,454,452,475,450
1525,449,489,444,456,453,452,454,452,475,450
1526,449,489,444,456,453,452,454,452,475,450
1527,449,489,444,456,453,452,454,452,475,450
1528,449,489,444,456,453,452,454,452,475,450
1529,449,489,444,456,453,452,454,452,475,450
1530,449,489,444,456,453,452,454,452,475,450
1531,449,489,444,456,453,452,454,452,475,450
1532,449,489,444,456,453,452,454,452,475,450
1533,449,489,444,456,453,452,454,452,475,450
1534,449,489,444,456,453,452,454,452,475,450
1535,449,489,444,456,453,452,454,452,475,450
1536,449,489,444,456,453,452,454,452,475,450
1537,449,489,444,456,453,452,454,452,475,450
1538,449,489,444,456,453,452,454,452,475,450
1539,449,489,444,456,453,452,454,452,475,450
1540,449,489,444,456,453,452,454,452,475,450
1541,449,489,444,456,453,452,454,452,475,450
1542,449,489,444,456,453,452,454,452,475,450
1543,449,489,444,456,453,452,454,452,475,450
1544,449,489,444,456,453,452,454,452,475,450
1545,449,489,444,456,453,452,454,452,475,450
1546,449,489,444,456,453,452,454,452,475,450
1547,449,489,444,456,453,452,454,452,475,450
1548,449,489,444,456,453,452,454,452,475,450
1549,449,489,444,456,453,452,454,452,475,450
1550,449,489,444,456,453,452,454,452,475,450
1551,449,489,444,456,453,452,454,452,475,450
1552,449,489,444,456,453,452,454,452,475,450
1553,449,489,444,456,453,452,454,452,475,450
1554,449,489,444,456,453,452,454,452,475,450
1555,449,489,444,456,453,452,454,452,475,450
1556,449,489,444,456,453,452,454,452,475,450
1557,449,489,444,456,453,452,454,452,475,450
1558,449,489,444,456,453,452,454,452,475,450
1559,449,489,444,456,453,452,454,452,475,450
1560,449,489,444,456,453,452,454,452,475,450
1561,449,489,444,456,453,452,454,452,475,450
1562,449,489,444,456,453,452,454,452,475,450
1563,449,489,444,456,453,452,454,452,475,450
1564,449,489,444,456,453,452,454,452,475,450
1565,449,489,444,456,453,452,454,452,475,450
1566,449,489,444,456,453,452,454,452,475,450
1567,449,489,444,456,453,452,454,452,475,450
1568,449,489,444,456,453,452,454,452,475,450
1569,449,489,444,456,453,452,454,452,475,450
1570,449,489,444,456,453,452,454,452,475,450
1571,449,489,444,456,453,452,454,452,475,450
1572,449,489,444,456,453,452,454,452,475,450
1573,449,489,444,456,453,452,454,452,475,450
1574,449,489,444,456,453,452,454,452,475,450
1575,449,489,444,456,453,452,454,452,475,450
1576,449,489,444,456,453,452,454,452,475,450
1577,449,489,444,456,453,452,454,452,475,450
1578,449,489,444,456,453,452,454,452,475,450
1579,449,489,444,456,453,452,454,452,475,450
1580,449,489,444,456,453,452,454,452,475,450
1581,449,489,444,456,453,452,454,452,475,450
1582,449,489,444,456,453,452,454,452,475,450
1583,449,489,444,456,453,452,454,452,475,450
1584,449,489,444,456,453,452,454,452,475,450
1585,449,489,444,456,453,452,454,452,475,450
1586,449,489,444,456,453,452,454,452,475,450
1587,449,489,444,456,453,452,454,452,475,450
1588,449,489,444,456,453,452,454,452,475,450
1589,449,489,444,456,453,452,454,452,475,450
1590,449,489,444,456,453,452,454,452,475,450
1591,449,489,444,456,453,452,454,452,475,450
1592,449,489,444,456,453,452,454,452,475,450
1593,449,489,444,456,453,452,454,452,475,450
1594,449,489,444,456,453,452,454,452,475,450
1595,449,489,444,456,453,452,454,452,475,450
1596,449,489,444,456,453,452,454,452,475,450
1597,449,489,444,456,453,452,454,452,475,450
1598,449,489,444,456,453,452,454,452,475,450
1599,449,489,444,456,453,452,454,452,475,450
1600,449,489,444,456,453,452,454,452,475,450
1601,449,489,444,456,453,452,454,452,475,450
1602,449,489,444,456,453,452,454,452,475,450
1603,449,489,444,456,453,452,454,452,475,450
1604,449,489,444,456,453,452,454,452,475,450
1605,449,489,444,456,453,452,454,452,475,450
1606,449,489,444,456,453,452,454,452,475,450
1607,449,489,444,456,453,452,454,452,475,450
1608,449,489,444,456,453,452,454,452,475,450
1609,449,489,444,456,453,452,454,452,475,450
1610,449,489,444,456,453,452,454,452,475,450
1611,449,489,444,456,453,452,454,452,475,450
1612,449,489,444,456,453,452,454,452,475,450
1613,449,489,444,456,453,452,454,452,475,450
1614,449,489,444,456,453,452,454,452,475,450
1615,449,489,444,456,453,452,454,452,475,450
1616,449,489,444,456,453,452,454,452,475,450
1617,449,489,444,456,453,452,454,452,475,450
1618,449,489,444,456,453,452,454,452,475,450
1619,449,489,444,456,453,452,454,452,475,450
1620,449,489,444,456,453,452,454,452,475,450
1621,449,489,444,456,453,452,454,452,475,450
1622,449,489,444,456,453,452,454,452,475,450
1623,449,489,444,456,453,452,454,452,475,450
1624,449,489,444,456,453,452,454,452,475,450
1625,449,489,444,456,453,452,454,452,475,450
1626,449,489,444,456,453,452,454,452,475,450
1627,449,489,444,456,453,452,454,452,475,450
1628,449,489,444,456,453,452,454,452,475,450
1629,449,489,444,456,453,452,454,452,475,450
1630,449,489,444,456,453,452,454,452,475,450
1631,449,489,444,456,453,452,454,452,475,450
1632,449,489,444,456,453,452,454,452,475,450
1633,449,489,444,456,453,452,454,452,475,450
1634,449,489,444,456,453,452,454,452,475,450
1635,449,489,444,456,453,452,454,452,475,450
1636,449,489,444,456,453,452,454,452,475,450
1637,449,489,444,456,453,452,454,452,475,450
1638,449,489,444,456,453,452,454,452,475,450
1639,449,489,444,456,453,452,454,452,475,450
1640,449,489,444,456,453,452,454,452,475,450
1641,449,489,444,456,453,452,454,452,475,450
1642,449,489,444,456,453,452,454,452,475,450
1643,449,489,444,456,453,452,454,452,475,450
1644,449,489,444,456,453,452,454,452,475,450
1645,449,489,444,456,453,452,454,452,475,450
1646,449,489,444,456,453,452,454,452,475,450
1647,449,489,444,456,453,452,454,452,475,450
1648,449,489,444,456,453,452,454,452,475,450
1649,449,489,444,456,453,452,454,452,475,450
1650,449,489,444,456,453,452,454,452,475,450
1651,449,489,444,456,453,452,454,452,475,450
1652,449,489,444,456,453,452,454,452,475,450
1653,449,489,444,456,453,452,454,452,475,450
1654,449,489,444,456,453,452,454,452,475,450
1655,449,489,444,456,453,452,454,452,475,450
1656,449,489,444,456,453,452,454,452,475,450
1657,449,489,444,456,453,452,454,452,475,450
1658,449,489,444,456,453,452,454,452,475,450
1659,449,489,444,456,453,452,454,452,475,450
1660,449,489,444,456,453,452,454,452,475,450
1661,449,489,444,456,453,452,454,452,475,450
1662,449,489,444,456,453,452,454,452,475,450
1663,449,489,444,456,453,452,454,452,475,450
1664,449,489,444,456,453,452,454,452,475,450
1665,449,489,444,456,453,452,454,452,475,450
1666,449,489,444,456,453,452,454,452,475,450
1667,449,489,444,456,453,452,454,452,475,450
1668,449,489,444,456,453,452,454,452,475,450
1669,449,489,444,456,453,452,454,452,475,450
1670,449,489,444,456,453,452,454,452,475,450
1671,449,489,444,456,453,452,454,452,475,450
1672,449,489,444,456,453,452,454,452,475,450
1673,449,489,444,456,453,452,454,452,475,450
1674,449,489,444,456,453,452,454,452,475,450
1675,449,489,444,456,453,452,454,452,475,450
1676,449,489,444,456,453,452,454,452,475,450
1677,449,489,444,456,453,452,454,452,475,450
1678,449,489,444,456,453,452,454,452,475,450
1679,449,489,444,456,453,452,454,452,475,450
1680,449,489,444,456,453,452,454,452,475,450
1681,449,489,444,456,453,452,454,452,475,450
1682,449,489,444,456,453,452,454,452,475,450
1683,449,489,444,456,453,452,454,452,475,450
1684,449,489,444,456,453,452,454,452,475,450
1685,449,489,444,456,453,452,454,452,475,450
1686,449,489,444,456,453,452,454,452,475,450
1687,449,489,444,456,453,452,454,452,475,450
1688,449,489,444,456,453,452,454,452,475,450
1689,449,489,444,456,453,452,454,452,475,450
1690,449,489,444,456,453,452,454,452,475,450
1691,449,489,444,456,453,452,454,452,475,450
1692,449,489,444,456,453,452,454,452,475,450
1693,449,489,444,456,453,452,454,452,475,450
1694,449,489,444,456,453,452,454,452,475,450
1695,449,489,444,456,453,452,454,452,475,450
1696,449,489,444,456,453,452,454,452,475,450
1697,449,489,444,456,453,452,454,452,475,450
1698,449,489,444,456,453,452,454,452,475,450
1699,449,489,444,456,453,452,454,452,475,450
1700,449,489,444,456,453,452,454,452,475,450
1701,449,489,444,456,453,452,454,452,475,450
1702,449,489,444,456,453,452,454,452,475,450
1703,449,489,444,456,453,452,454,452,475,450
1704,449,489,444,456,453,452,454,452,475,450
1705,449,489,444,456,453,452,454,452,475,450
1706,449,489,444,456,453,452,454,452,475,450
1707,449,489,444,456,453,452,454,452,475,450
1708,449,489,444,456,453,452,454,452,475,450
1709,449,489,444,456,453,452,454,452,475,450
1710,449,489,444,456,453,452,454,452,475,450
1711,449,489,444,456,453,452,454,452,475,450
1712,449,489,444,456,453,452,454,452,475,450
1713,449,489,444,456,453,452,454,452,475,450
1714,449,489,444,456,453,452,454,452,475,450
1715,449,489,444,456,453,452,454,452,475,450
1716,449,489,444,456,453,452,454,452,475,450
1717,449,489,444,456,453,452,454,452,475,450
1718,449,489,444,456,453,452,454,452,475,450
1719,449,489,444,456,453,452,454,452,475,450
1720,449,489,444,456,453,452,454,452,475,450
1721,449,489,444,456,453,452,454,452,475,450
1722,449,489,444,456,453,452,454,452,475,450
1723,449,489,444,456,453,452,454,452,475,450
1724,449,489,444,456,453,452,454,452,475,450
1725,449,489,444,456,453,452,454,452,475,450
1726,449,489,444,456,453,452,454,452,475,450
1727,449,489,444,456,453,452,454,452,475,450
1728,449,489,444,456,453,452,454,452,475,450
1729,449,489,444,456,453,452,454,452,475,450
1730,449,489,444,456,453,452,454,452,475,450
1731,449,489,444,456,453,452,454,452,475,450
1732,449,489,444,456,453,452,454,452,475,450
1733,449,489,444,456,453,452,454,452,475,450
1734,449,489,444,456,453,452,454,452,475,450
1735,449,489,444,456,453,452,454,452,475,450
1736,449,489,444,456,453,452,454,452,475,450
1737,449,489,444,456,453,452,454,452,475,450
1738,449,489,444,456,453,452,454,452,475,450
1739,449,489,444,456,453,452,454,452,475,450
1740,449,489,444,456,453,452,454,452,475,450
1741,449,489,444,456,453,452,454,452,475,450
1742,449,489,444,456,453,452,454,452,475,450
1743,449,489,444,456,453,452,454,452,475,450
1744,449,489,444,456,453,452,454,452,475,450
1745,449,489,444,456,453,452,454,452,475,450
1746,449,489,444,456,453,452,454,452,475,450
1747,449,489,444,456,453,452,454,452,475,450
1748,449,489,444,456,453,452,454,452,475,450
1749,449,489,444,456,453,452,454,452,475,450
1750,449,489,444,456,453,452,454,452,475,450
1751,449,489,444,456,453,452,454,452,475,450
1752,449,489,444,456,453,452,454,452,475,450
1753,449,489,444,456,453,452,454,452,475,450
1754,449,489,444,456,453,452,454,452,475,450
1755,449,489,444,456,453,452,454,452,475,450
1756,449,489,444,456,453,452,454,452,475,450
1757,449,489,444,456,453,452,454,452,475,450
1758,449,489,444,456,453,452,454,452,475,450
1759,449,489,444,456,453,452,454,452,475,450
1760,449,489,444,456,453,452,454,452,475,450
1761,449,489,444,456,453,452,454,452,475,450
1762,449,489,444,456,453,452,454,452,475,450
1763,449,489,444,456,453,452,454,452,475,450
1764,449,489,444,456,453,452,454,452,475,450
1765,449,489,444,456,453,452,454,452,475,450
1766,449,489,444,456,453,452,454,452,475,450
1767,449,489,444,456,453,452,454,452,475,450
1768,449,489,444,456,453,452,454,452,475,450
1769,449,489,444,456,453,452,454,452,475,450
1770,449,489,444,456,453,452,454,452,475,450
1771,449,489,444,456,453,452,454,452,475,450
1772,449,489,444,456,453,452,454,452,475,450
1773,449,489,444,456,453,452,454,452,475,450
1774,449,489,444,456,453,452,454,452,475,450
1775,449,489,444,456,453,452,454,452,475,450
1776,449,489,444,456,453,452,454,452,475,450
1777,449,489,444,456,453,452,454,452,475,450
1778,449,489,444,456,453,452,454,452,475,450
1779,449,489,444,456,453,452,454,452,475,450
1780,449,489,444,456,453,452,454,452,475,450
1781,449,489,444,456,453,452,454,452,475,450
1782,449,489,444,456,453,452,454,452,475,450
1783,449,489,444,456,453,452,454,452,475,450
1784,449,489,444,456,453,452,454,452,475,450
1785,449,489,444,456,453,452,454,452,475,450
1786,449,489,444,456,453,452,454,452,475,450
1787,449,489,444,456,453,452,454,452,475,450
1788,449,489,444,456,453,452,454,452,475,450
1789,449,489,444,456,453,452,454,452,475,450
1790,449,489,444,456,453,452,454,452,475,450
1791,449,489,444,456,453,452,454,452,475,450
1792,449,489,444,456,453,452,454,452,475,450
1793,449,489,444,456,453,452,454,452,475,450
1794,449,489,444,456,453,452,454,452,475,450
1795,449,489,444,456,453,452,454,452,475,450
1796,449,489,444,456,453,452,454,452,475,450
1797,449,489,444,456,453,452,454,452,475,450
1798,449,489,444,456,453,452,454,452,475,450
1799,449,489,444,456,453,452,454,452,475,450
1800,449,489,444,456,453,452,454,452,475,450
1801,449,489,444,456,453,452,454,452,475,450
1802,449,489,444,456,453,452,454,452,475,450
1803,449,489,444,456,453,452,454,452,475,450
1804,449,489,444,456,453,452,454,452,475,450
1805,449,489,444,456,453,452,454,452,475,450
1806,449,489,444,456,453,452,454,452,475,450
1807,449,489,444,456,453,452,454,452,475,450
1808,449,489,444,456,453,452,454,452,475,450
1809,449,489,444,456,453,452,454,452,475,450
1810,449,489,444,456,453,452,454,452,475,450
1811,449,489,444,456,453,452,454,452,475,450
1812,449,489,444,456,453,452,454,452,475,450
1813,449,489,444,456,453,452,454,452,475,450
1814,449,489,444,456,453,452,454,452,475,450
1815,449,489,444,456,453,452,454,452,475,450
1816,449,489,444,456,453,452,454,452,475,450
1817,449,489,444,456,453,452,454,452,475,450
1818,449,489,444,456,453,452,454,452,475,450
1819,449,489,444,456,453,452,454,452,475,450
1820,449,489,444,456,453,452,454,452,475,450
1821,449,489,444,456,453,452,454,452,475,450
1822,449,489,444,456,453,452,454,452,475,450
1823,449,489,444,456,453,452,454,452,475,450
1824,449,489,444,456,453,452,454,452,475,450
1825,449,489,444,456,453,452,454,452,475,450
1826,449,489,444,456,453,452,454,452,475,450
1827,449,489,444,456,453,452,454,452,475,450
1828,449,489,444,456,453,452,454,452,475,450
1829,449,489,444,456,453,452,454,452,475,450
1830,449,489,444,456,453,452,454,452,475,450
1831,449,489,444,456,453,452,454,452,475,450
1832,449,489,444,456,453,452,454,452,475,450
1833,449,489,444,456,453,452,454,452,475,450
1834,449,489,444,456,453,452,454,452,475,450
1835,449,489,444,456,453,452,454,452,475,450
1836,449,489,444,456,453,452,454,452,475,450
1837,449,489,444,456,453,452,454,452,475,450
1838,449,489,444,456,453,452,454,452,475,450
1839,449,489,444,456,453,452,454,452,475,450
1840,449,489,444,456,453,452,454,452,475,450
1841,449,489,444,456,453,452,454,452,475,450
1842,449,489,444,456,453,452,454,452,475,450
1843,449,489,444,456,453,452,454,452,475,450
1844,449,489,444,456,453,452,454,452,475,450
1845,449,489,444,456,453,452,454,452,475,450
1846,449,489,444,456,453,452,454,452,475,450
1847,449,489,444,456,453,452,454,452,475,450
1848,449,489,444,456,453,452,454,452,475,450
1849,449,489,444,456,453,452,454,452,475,450
1850,449,489,444,456,453,452,454,452,475,450
1851,449,489,444,456,453,452,454,452,475,450
1852,449,489,444,456,453,452,454,452,475,450
1853,449,489,444,456,453,452,454,452,475,450
1854,449,489,444,456,453,452,454,452,475,450
1855,449,489,444,456,453,452,454,452,475,450
1856,449,489,444,456,453,452,454,452,475,450
1857,449,489,444,456,453,452,454,452,475,450
1858,449,489,444,456,453,452,454,452,475,450
1859,449,489,444,456,453,452,454,452,475,450
1860,449,489,444,456,453,452,454,452,475,450
1861,449,489,444,456,453,452,454,452,475,450
1862,449,489,444,456,453,452,454,452,475,450
1863,449,489,444,456,453,452,454,452,475,450
1864,449,489,444,456,453,452,454,452,475,450
1865,449,489,444,456,453,452,454,452,475,450
1866,449,489,444,456,453,452,454,452,475,450
1867,449,489,444,456,453,452,454,452,475,450
1868,449,489,444,456,453,452,454,452,475,450
1869,449,489,444,456,453,452,454,452,475,450
1870,449,489,444,456,453,452,454,452,475,450
1871,449,489,444,456,453,452,454,452,475,450
1872,449,489,444,456,453,452,454,452,475,450
1873,449,489,444,456,453,452,454,452,475,450
1874,449,489,444,456,453,452,454,452,475,450
1875,449,489,444,456,453,452,454,452,475,450
1876,449,489,444,456,453,452,454,452,475,450
1877,449,489,444,456,453,452,454,452,475,450
1878,449,489,444,456,453,452,454,452,475,450
1879,449,489,444,456,453,452,454,452,475,450
1880,449,489,444,456,453,452,454,452,475,450
1881,449,489,444,456,453,452,454,452,475,450
1882,449,489,444,456,453,452,454,452,475,450
1883,449,489,444,456,453,452,454,452,475,450
1884,449,489,444,456,453,452,454,452,475,450
1885,449,489,444,456,453,452,454,452,475,450
1886,449,489,444,456,453,452,454,452,475,450
1887,449,489,444,456,453,452,454,452,475,450
1888,449,489,444,456,453,452,454,452,475,450
1889,449,489,444,456,453,452,454,452,475,450
1890,449,489,444,456,453,452,454,452,475,450
1891,449,489,444,456,453,452,454,452,475,450
1892,449,489,444,456,453,452,454,452,475,450
1893,449,489,444,456,453,452,454,452,475,450
1894,449,489,444,456,453,452,454,452,475,450
1895,449,489,444,456,453,452,454,452,475,450
1896,449,489,444,456,453,452,454,452,475,450
1897,449,489,444,456,453,452,454,452,475,450
1898,449,489,444,456,453,452,454,452,475,450
1899,449,489,444,456,453,452,454,452,475,450
1900,449,489,444,456,453,452,454,452,475,450
1901,449,489,444,456,453,452,454,452,475,450
1902,449,489,444,456,453,452,454,452,475,450
1903,449,489,444,456,453,452,454,452,475,450
1904,449,489,444,456,453,452,454,452,475,450
1905,449,489,444,456,453,452,454,452,475,450
1906,449,489,444,456,453,452,454,452,475,450
1907,449,489,444,456,453,452,454,452,475,450
1908,449,489,444,456,453,452,454,452,475,450
1909,449,489,444,456,453,452,454,452,475,450
1910,449,489,444,456,453,452,454,452,475,450
1911,449,489,444,456,453,452,454,452,475,450
1912,449,489,444,456,453,452,454,452,475,450
1913,449,489,444,456,453,452,454,452,475,450
1914,449,489,444,456,453,452,454,452,475,450
1915,449,489,444,456,453,452,454,452,475,450
1916,449,489,444,456,453,452,454,452,475,450
1917,449,489,444,456,453,452,454,452,475,450
1918,449,489,444,456,453,452,454,452,475,450
1919,449,489,444,456,453,452,454,452,475,450
1920,449,489,444,456,453,452,454,452,475,450
1921,449,489,444,456,453,452,454,452,475,450
1922,449,489,444,456,453,452,454,452,475,450
1923,449,489,444,456,453,452,454,452,475,450
1924,449,489,444,456,453,452,454,452,475,450
1925,449,489,444,456,453,452,454,452,475,450
1926,449,489,444,456,453,452,454,452,475,450
1927,449,489,444,456,453,452,454,452,475,450
1928,449,489,444,456,453,452,454,452,475,450
1929,449,489,444,456,453,452,454,452,475,450
1930,449,489,444,456,453,452,454,452,475,450
1931,449,489,444,456,453,452,454,452,475,450
1932,449,489,444,456,453,452,454,452,475,450
1933,449,489,444,456,453,452,454,452,475,450
1934,449,489,444,456,453,452,454,452,475,450
1935,449,489,444,456,453,452,454,452,475,450
1936,449,489,444,456,453,452,454,452,475,450
1937,449,489,444,456,453,452,454,452,475,450
1938,449,489,444,456,453,452,454,452,475,450
1939,449,489,444,456,453,452,454,452,475,450
1940,449,489,444,456,453,452,454,452,475,450
1941,449,489,444,456,453,452,454,452,475,450
1942,449,489,444,456,453,452,454,452,475,450
1943,449,489,444,456,453,452,454,452,475,450
1944,449,489,444,456,453,452,454,452,475,450
1945,449,489,444,456,453,452,454,452,475,450
1946,449,489,444,456,453,452,454,452,475,450
1947,449,489,444,456,453,452,454,452,475,450
1948,449,489,444,456,453,452,454,452,475,450
1949,449,489,444,456,453,452,454,452,475,450
1950,449,489,444,456,453,452,454,452,475,450
1951,449,489,444,456,453,452,454,452,475,450
1952,449,489,444,456,453,452,454,452,475,450
1953,449,489,444,456,453,452,454,452,475,450
1954,449,489,444,456,453,452,454,452,475,450
1955,449,489,444,456,453,452,454,452,475,450
1956,449,489,444,456,453,452,454,452,475,450
1957,449,489,444,456,453,452,454,452,475,450
1958,449,489,444,456,453,452,454,452,475,450
1959,449,489,444,456,453,452,454,452,475,450
1960,449,489,444,456,453,452,454,452,475,450
1961,449,489,444,456,453,452,454,452,475,450
1962,449,489,444,456,453,452,454,452,475,450
1963,449,489,444,456,453,452,454,452,475,450
1964,449,489,444,456,453,452,454,452,475,450
1965,449,489,444,456,453,452,454,452,475,450
1966,449,489,444,456,453,452,454,452,475,450
1967,449,489,444,456,453,452,454,452,475,450
1968,449,489,444,456,453,452,454,452,475,450
1969,449,489,444,456,453,452,454,452,475,450
1970,449,489,444,456,453,452,454,452,475,450
1971,449,489,444,456,453,452,454,452,475,450
1972,449,489,444,456,453,452,454,452,475,450
1973,449,489,444,456,453,452,454,452,475,450
1974,449,489,444,456,453,452,454,452,475,450
1975,449,489,444,456,453,452,454,452,475,450
1976,449,489,444,456,453,452,454,452,475,450
1977,449,489,444,456,453,452,454,452,475,450
1978,449,489,444,456,453,452,454,452,475,450
1979,449,489,444,456,453,452,454,452,475,450
1980,449,489,444,456,453,452,454,452,475,450
1981,449,489,444,456,453,452,454,452,475,450
1982,449,489,444,456,453,452,454,452,475,450
1983,449,489,444,456,453,452,454,452,475,450
1984,449,489,444,456,453,452,454,452,475,450
1985,449,489,444,456,453,452,454,452,475,450
1986,449,489,444,456,453,452,454,452,475,450
1987,449,489,444,456,453,452,454,452,475,450
1988,449,489,444,456,453,452,454,452,475,450
1989,449,489,444,456,453,452,454,452,475,450
1990,449,489,444,456,453,452,454,452,475,450
1991,449,489,444,456,453,452,454,452,475,450
1992,449,489,444,456,453,452,454,452,475,450
1993,449,489,444,456,453,452,454,452,475,450
1994,449,489,444,456,453,452,454,452,475,450
1995,449,489,444,456,453,452,454,452,475,450
1996,449,489,444,456,453,452,454,452,475,450
1997,449,489,444,456,453,452,454,452,475,450
1998,449,489,444,456,453,452,454,452,475,450
1999,449,489,444,456,453,452,454,452,475,450
2000,449,489,444,456,453,452,454,452,475,450
2001,449,489,444,456,453,452,454,452,475,450
