iteration,quality_00,quality_01,quality_02,quality_03,quality_04,quality_05,quality_06,quality_07,quality_08,quality_09
0,2000,1994,1964,1993,1984,1972,2017,1986,1984,1945
1,1946,1913,1892,1932,1918,1878,1953,1926,1895,1885
2,1917,1878,1871,1903,1863,1869,1928,1902,1895,1873
3,1914,1878,1832,1898,1863,1836,1900,1884,1849,1841
4,1890,1878,1799,1877,1863,1825,1896,1861,1849,1830
5,1880,1863,1799,1842,1861,1806,1861,1845,1849,1830
6,1849,1849,1740,1828,1833,1769,1841,1817,1819,1796
7,1826,1827,1740,1828,1833,1748,1813,1804,1819,1794
8,1826,1827,1738,1828,1820,1743,1807,1771,1819,1792
9,1826,1811,1738,1812,1820,1743,1785,1771,1767,1783
10,1808,1803,1738,1769,1795,1689,1785,1707,1759,1765
11,1807,1796,1703,1765,1726,1689,1754,1707,1759,1747
12,1791,1754,1703,1765,1723,1689,1745,1707,1759,1736
13,1756,1712,1703,1747,1722,1655,1690,1693,1759,1703
14,1756,1704,1686,1742,1722,1631,1690,1693,1724,1690
15,1729,1704,1686,1709,1722,1631,1690,1684,1724,1668
16,1729,1704,1681,1709,1700,1621,1690,1636,1724,1657
17,1716,1704,1665,1668,1683,1615,1690,1608,1724,1657
18,1716,1686,1661,1642,1649,1611,1690,1608,1724,1657
19,1681,1686,1641,1642,1649,1606,1690,1608,1724,1610
20,1681,1670,1641,1639,1649,1591,1654,1608,1707,1610
21,1681,1670,1604,1639,1617,1591,1654,1608,1665,1610
22,1681,1663,1594,1639,1616,1591,1649,1556,1652,1610
23,1621,1663,1594,1616,1600,1591,1649,1556,1640,1567
24,1616,1663,1594,1616,1600,1578,1630,1556,1640,1567
25,1571,1663,1594,1616,1594,1578,1602,1556,1640,1567
26,1571,1648,1588,1616,1594,1525,1602,1556,1609,1552
27,1559,1615,1588,1602,1589,1525,1602,1520,1567,1533
28,1559,1615,1588,1576,1589,1525,1550,1520,1547,1533
29,1534,1615,1588,1576,1589,1525,1550,1513,1547,1533
30,1509,1609,1588,1561,1589,1525,1550,1491,1541,1533
31,1509,1609,1577,1537,1578,1525,1550,1482,1535,1528
32,1509,1609,1569,1530,1577,1525,1550,1482,1494,1512
33,1509,1600,1559,1486,1577,1523,1545,1448,1494,1508
34,1509,1594,1542,1486,1577,1495,1517,1448,1492,1508
35,1509,1594,1538,1486,1566,1495,1517,1448,1483,1500
36,1509,1568,1531,1483,1562,1495,1517,1448,1483,1500
37,1501,1557,1523,1483,1553,1485,1517,1448,1456,1500
38,1501,1557,1523,1483,1545,1483,1517,1448,1456,1477
39,1501,1557,1520,1483,1545,1464,1517,1443,1456,1477
40,1487,1557,1520,1483,1512,1443,1503,1443,1456,1477
41,1487,1547,1490,1465,1505,1443,1503,1443,1456,1477
42,1479,1543,1482,1440,1505,1443,1503,1443,1448,1455
43,1479,1528,1469,1440,1505,1443,1439,1432,1448,1455
44,1479,1493,1467,1439,1500,1439,1433,1432,1448,1421
45,1476,1490,1467,1439,1500,1414,1419,1422,1448,1416
46,1476,1481,1467,1439,1477,1400,1419,1393,1448,1416
47,1466,1471,1467,1439,1477,1400,1405,1393,1448,1416
48,1449,1471,1467,1439,1477,1400,1405,1393,1448,1384
49,1449,1456,1466,1439,1477,1400,1387,1347,1448,1384
50,1449,1456,1462,1439,1477,1400,1387,1347,1448,1384
51,1409,1456,1457,1439,1477,1372,1387,1347,1422,1384
52,1409,1456,1457,1439,1462,1326,1359,1347,1422,1370
53,1409,1443,1445,1439,1462,1286,1359,1347,1422,1370
54,1409,1443,1445,1426,1462,1286,1359,1347,1421,1369
55,1409,1440,1421,1426,1457,1261,1359,1330,1418,1369
56,1409,1434,1396,1426,1452,1261,1326,1330,1411,1340
57,1409,1434,1396,1414,1452,1261,1326,1330,1411,1317
58,1409,1434,1396,1401,1440,1261,1326,1330,1392,1317
59,1409,1434,1396,1376,1399,1261,1326,1330,1392,1314
60,1409,1434,1376,1376,1399,1261,1326,1330,1389,1314
61,1409,1405,1371,1367,1397,1261,1326,1327,1389,1314
62,1408,1405,1353,1346,1397,1261,1326,1327,1389,1307
63,1404,1377,1353,1346,1397,1261,1320,1327,1374,1307
64,1404,1377,1353,1327,1397,1261,1320,1326,1374,1302
65,1404,1377,1353,1327,1382,1261,1301,1324,1358,1302
66,1362,1359,1353,1316,1382,1261,1301,1324,1354,1302
67,1362,1343,1351,1316,1382,1261,1301,1313,1354,1302
68,1362,1343,1351,1316,1382,1255,1301,1303,1354,1302
69,1362,1343,1351,1299,1382,1236,1301,1303,1354,1302
70,1361,1343,1351,1299,1377,1236,1301,1303,1354,1258
71,1361,1315,1346,1299,1377,1236,1301,1293,1354,1258
72,1361,1308,1346,1293,1377,1236,1301,1293,1333,1224
73,1336,1308,1344,1274,1367,1236,1301,1271,1333,1195
74,1336,1308,1344,1269,1367,1236,1286,1271,1333,1195
75,1336,1308,1328,1260,1367,1236,1286,1271,1333,1195
76,1336,1308,1328,1260,1364,1236,1286,1271,1333,1195
77,1308,1308,1321,1260,1356,1236,1286,1271,1333,1195
78,1308,1308,1320,1260,1332,1223,1270,1271,1333,1195
79,1292,1308,1307,1245,1332,1223,1270,1252,1333,1195
80,1292,1308,1307,1245,1331,1223,1270,1252,1325,1195
81,1292,1308,1271,1236,1331,1223,1260,1252,1325,1194
82,1292,1308,1271,1236,1331,1223,1248,1252,1309,1194
83,1292,1300,1258,1235,1331,1223,1248,1252,1309,1194
84,1273,1293,1258,1235,1295,1211,1228,1252,1309,1194
85,1273,1293,1258,1235,1263,1211,1228,1252,1309,1194
86,1273,1293,1251,1235,1263,1211,1228,1226,1308,1194
87,1273,1274,1251,1235,1263,1211,1228,1210,1304,1194
88,1273,1274,1251,1225,1255,1211,1228,1210,1262,1194
89,1273,1274,1251,1191,1255,1211,1228,1210,1254,1194
90,1273,1266,1251,1181,1255,1211,1228,1200,1254,1194
91,1264,1266,1251,1181,1255,1211,1228,1200,1210,1194
92,1264,1266,1251,1181,1255,1211,1219,1200,1210,1166
93,1264,1266,1232,1178,1255,1176,1212,1200,1210,1166
94,1264,1266,1232,1178,1254,1176,1212,1200,1210,1166
95,1264,1266,1232,1178,1225,1176,1212,1200,1210,1148
96,1264,1266,1232,1178,1220,1176,1212,1200,1210,1148
97,1264,1266,1232,1176,1220,1168,1212,1200,1210,1148
98,1263,1266,1232,1176,1220,1168,1212,1200,1210,1148
99,1259,1259,1214,1176,1220,1168,1212,1200,1210,1148
100,1259,1259,1214,1176,1220,1168,1212,1200,1210,1148
101,1258,1237,1214,1154,1220,1168,1212,1196,1210,1148
102,1250,1237,1214,1154,1220,1168,1212,1188,1210,1147
103,1232,1217,1210,1154,1220,1168,1212,1188,1210,1147
104,1232,1195,1208,1154,1220,1168,1212,1188,1192,1147
105,1232,1190,1208,1154,1220,1168,1186,1180,1187,1147
106,1232,1190,1208,1154,1216,1168,1186,1180,1187,1147
107,1232,1190,1197,1148,1216,1168,1186,1180,1155,1142
108,1232,1190,1197,1148,1216,1168,1186,1180,1155,1142
109,1232,1190,1197,1148,1216,1168,1186,1180,1155,1142
110,1219,1190,1197,1148,1216,1168,1186,1180,1149,1142
111,1219,1190,1197,1141,1174,1168,1185,1180,1149,1142
112,1219,1184,1197,1134,1174,1168,1171,1176,1149,1142
113,1219,1184,1194,1134,1163,1168,1171,1176,1149,1142
114,1219,1184,1194,1134,1163,1168,1171,1176,1149,1142
115,1212,1184,1174,1134,1143,1168,1115,1176,1115,1142
116,1212,1184,1174,1134,1143,1148,1115,1166,1115,1135
117,1205,1184,1174,1134,1143,1148,1115,1166,1115,1135
118,1205,1184,1170,1134,1143,1148,1115,1166,1115,1135
119,1205,1184,1170,1134,1143,1148,1115,1166,1115,1135
120,1205,1184,1170,1134,1143,1148,1115,1166,1115,1109
121,1205,1184,1170,1134,1143,1148,1115,1148,1115,1109
122,1205,1166,1170,1134,1143,1148,1115,1148,1115,1109
123,1185,1166,1170,1132,1143,1148,1115,1148,1115,1109
124,1185,1166,1170,1132,1139,1148,1115,1148,1115,1109
125,1185,1166,1145,1132,1129,1148,1115,1148,1115,1109
126,1185,1166,1131,1132,1129,1148,1115,1148,1115,1109
127,1185,1166,1131,1126,1129,1138,1093,1148,1115,1109
128,1185,1166,1131,1124,1129,1138,1093,1130,1115,1109
129,1185,1166,1131,1124,1119,1107,1093,1130,1115,1109
130,1172,1166,1131,1115,1119,1107,1093,1130,1115,1109
131,1172,1166,1131,1115,1112,1107,1093,1130,1102,1109
132,1172,1164,1131,1115,1102,1107,1093,1130,1102,1109
133,1153,1164,1131,1115,1095,1107,1093,1130,1102,1109
134,1140,1164,1131,1105,1086,1107,1093,1130,1093,1101
135,1140,1164,1124,1105,1086,1107,1093,1130,1093,1101
136,1140,1139,1124,1105,1086,1107,1093,1130,1075,1101
137,1140,1139,1117,1105,1086,1107,1093,1130,1075,1100
138,1134,1139,1117,1105,1081,1107,1093,1130,1059,1100
139,1134,1139,1117,1105,1081,1107,1093,1130,1059,1065
140,1134,1139,1117,1105,1059,1107,1092,1130,1059,1062
141,1116,1139,1117,1083,1059,1093,1088,1130,1059,1062
142,1115,1139,1116,1083,1059,1093,1088,1130,1059,1062
143,1089,1139,1116,1083,1057,1093,1088,1130,1059,1062
144,1089,1139,1116,1083,1057,1093,1088,1130,1056,1062
145,1089,1139,1116,1083,1055,1093,1088,1130,1056,1062
146,1089,1139,1116,1083,1055,1093,1088,1130,1056,1062
147,1089,1139,1116,1083,1055,1093,1088,1130,1056,1062
148,1089,1139,1116,1082,1055,1093,1088,1124,1056,1062
149,1089,1139,1116,1082,1050,1080,1088,1124,1056,1062
150,1089,1136,1107,1082,1050,1044,1088,1124,1056,1062
151,1089,1136,1107,1082,1050,1044,1088,1102,1056,1062
152,1089,1136,1107,1082,1050,1044,1088,1102,1056,1062
153,1089,1122,1107,1082,1050,1044,1088,1102,1056,1062
154,1088,1122,1107,1082,1050,1044,1086,1102,1056,1062
155,1083,1122,1107,1082,1050,1044,1086,1102,1056,1062
156,1083,1122,1107,1082,1050,1034,1086,1102,1048,1052
157,1083,1122,1107,1082,1050,1034,1086,1102,1048,1052
158,1083,1120,1104,1082,1045,1034,1086,1102,1044,1052
159,1083,1119,1104,1082,1045,1034,1082,1070,1042,1051
160,1083,1111,1104,1082,1045,1034,1082,1070,1042,1051
161,1083,1106,1104,1082,1045,1031,1082,1064,1042,1051
162,1078,1106,1104,1082,1038,1031,1082,1052,1042,1051
163,1078,1106,1104,1082,1038,1031,1082,1052,1042,1051
164,1078,1106,1087,1082,1038,1031,1082,1052,1042,1051
165,1060,1106,1087,1082,1038,1031,1082,1052,1001,1051
166,1060,1090,1087,1080,1012,1031,1082,1044,1001,1025
167,1060,1077,1087,1080,1008,1031,1070,1044,1001,1025
168,1056,1077,1087,1069,1008,1031,1070,1044,1001,1021
169,1051,1077,1087,1069,1008,1030,1068,1044,1001,1021
170,1038,1075,1087,1069,1008,1030,1066,1044,1001,1021
171,1038,1075,1087,1069,1008,1030,1066,1030,1001,1009
172,1038,1075,1087,1069,1008,1030,1055,1030,1001,1009
173,1038,1064,1076,1069,1008,1030,1055,1030,1001,1009
174,1038,1064,1076,1069,1005,1030,1047,1030,1001,1009
175,1038,1064,1076,1069,1005,1030,1047,1030,992,1005
176,1038,1064,1076,1069,993,1030,1047,1030,992,1005
177,1038,1064,1076,1066,993,1030,1047,1030,988,1005
178,1038,1064,1075,1066,993,1017,1047,1030,972,1005
179,1038,1064,1075,1066,993,1012,1047,1030,972,1002
180,1038,1053,1075,1066,987,1012,1047,1030,972,1002
181,1038,1053,1067,1066,987,1012,1047,1030,972,1002
182,1038,1052,1067,1066,987,1012,1047,1030,972,1002
183,1035,1052,1060,1066,987,1012,1047,1030,972,966
184,1034,1052,1060,1066,987,1012,1047,1030,972,953
185,1034,1052,1060,1066,953,1012,1047,1030,961,953
186,1034,1052,1060,1066,953,1012,1042,1018,961,953
187,1034,1052,1042,1062,953,1012,1042,1018,957,953
188,1009,1052,1042,1062,953,1000,1042,1018,957,953
189,1009,1052,1042,1062,953,997,1042,1018,957,953
190,1009,1052,1042,1062,953,997,1042,1015,957,953
191,1003,1052,1042,1062,953,997,1042,1015,957,953
192,1003,1052,1042,1062,953,984,1042,1000,957,953
193,1003,1052,1042,1062,953,984,1042,1000,957,953
194,1003,1052,1042,1062,953,984,1028,1000,957,953
195,1003,1052,1042,1062,953,984,1028,1000,957,953
196,1003,1010,1042,1062,953,984,1028,1000,957,947
197,1003,1010,1042,1062,953,984,1028,995,957,938
198,997,1010,1042,1062,953,984,1028,995,957,938
199,997,1010,1042,1062,953,984,1028,995,949,938
200,996,1010,1042,1062,953,984,1025,995,949,938
201,974,1010,1042,1062,953,984,1025,995,947,938
202,974,1010,1042,1062,953,984,1025,995,947,938
203,973,1010,1042,1062,953,984,1025,995,947,921
204,973,1010,1042,1062,953,984,1025,995,947,921
205,973,1010,1042,1062,953,984,1025,995,937,921
206,973,1010,1042,1062,953,984,1025,995,935,921
207,973,1010,1042,1062,953,984,1025,995,935,921
208,973,1010,1042,1062,953,984,1025,995,922,921
209,973,1010,1036,1062,953,984,1024,995,922,921
210,973,1006,1036,1062,953,970,1020,993,922,921
211,973,1006,1034,1058,953,970,1020,993,922,921
212,973,1006,1034,1045,953,970,1020,993,922,921
213,973,1006,1027,1045,953,970,1020,993,922,921
214,973,1006,1027,1045,953,970,1020,993,922,921
215,973,1006,1027,1045,953,970,1020,993,922,921
216,973,1006,1027,1045,953,970,1020,993,922,921
217,973,1006,1027,1044,953,970,1020,993,922,921
218,973,1006,1027,1044,953,970,1020,993,922,921
219,973,1001,1027,1044,953,970,1012,993,922,921
220,958,1001,1027,1035,953,970,994,993,922,921
221,958,1001,1027,1035,953,970,994,988,922,921
222,958,1001,1027,1035,953,970,994,988,915,919
223,958,982,1027,1035,953,970,994,988,908,919
224,958,982,1004,1035,949,970,994,988,908,919
225,958,982,1004,1035,949,964,994,988,908,919
226,956,982,1004,1035,949,961,994,988,908,919
227,956,982,1004,1035,949,961,994,988,908,919
228,956,982,1004,1032,949,942,994,988,908,919
229,956,980,1004,1032,949,942,994,988,908,919
230,956,965,1004,1030,949,942,994,988,908,905
231,956,964,1002,1030,949,942,994,988,908,905
232,956,964,998,1030,949,942,994,988,908,905
233,956,964,998,1030,947,934,994,988,908,905
234,956,964,998,1022,947,934,992,988,908,905
235,956,964,994,1022,947,928,992,988,908,905
236,953,964,994,1003,947,928,992,988,908,905
237,953,964,994,1003,947,922,992,988,908,905
238,953,964,994,1003,947,922,992,976,908,905
239,953,964,994,1003,947,922,992,976,908,905
240,953,964,994,1003,947,922,992,976,908,905
241,953,964,994,1003,947,922,992,976,908,905
242,946,964,994,1003,947,922,980,976,908,905
243,945,964,994,1003,947,922,980,976,908,905
244,945,958,994,1003,947,922,980,976,908,905
245,945,954,994,1003,947,922,980,976,908,905
246,945,954,994,1003,947,911,972,976,908,905
247,945,947,987,1003,947,911,972,976,908,905
248,945,947,987,988,947,911,972,976,908,905
249,945,947,987,988,947,911,972,976,908,905
250,945,947,987,988,947,911,972,976,908,905
251,945,947,987,988,947,911,972,976,897,905
252,945,947,987,988,947,911,972,976,897,905
253,945,947,987,988,947,897,971,976,897,904
254,945,947,987,988,947,882,971,976,897,904
255,945,933,987,988,947,882,971,976,897,904
256,945,933,987,988,947,882,971,976,897,904
257,945,933,987,988,947,882,971,976,897,904
258,945,933,987,988,947,882,971,976,897,904
259,945,933,987,988,947,882,971,976,897,898
260,945,933,985,988,937,882,950,976,897,898
261,945,933,968,988,937,882,950,971,897,898
262,945,933,968,988,937,882,950,971,897,885
263,945,933,968,988,935,882,950,971,897,885
264,945,933,968,988,935,882,950,958,897,880
265,945,933,968,988,929,882,950,958,897,880
266,945,933,968,984,929,882,950,958,897,880
267,945,933,968,984,929,882,950,958,897,866
268,945,922,968,984,929,882,950,958,897,865
269,945,922,968,984,929,882,950,958,897,865
270,945,922,968,984,929,882,950,958,897,865
271,945,922,960,984,929,882,950,958,897,865
272,945,922,960,984,921,882,950,958,897,865
273,945,922,960,981,914,882,950,958,897,865
274,945,922,956,981,914,875,950,958,897,865
275,945,922,956,981,914,875,950,953,897,865
276,945,922,956,981,905,862,950,953,897,865
277,945,922,956,981,905,862,950,953,897,865
278,945,922,956,981,905,862,950,953,895,864
279,945,919,956,981,905,862,950,953,895,864
280,945,919,956,981,905,862,950,953,895,864
281,944,919,956,981,905,862,950,953,895,864
282,944,919,956,981,905,862,950,953,895,864
283,944,919,956,966,905,862,950,953,893,864
284,944,919,956,964,905,862,950,953,893,859
285,944,919,956,964,899,862,950,953,893,859
286,944,919,956,964,899,862,950,953,893,859
287,944,919,956,964,899,862,946,953,893,859
288,944,919,956,964,899,862,946,953,893,859
289,944,919,954,964,891,862,946,953,893,859
290,944,919,943,956,891,862,941,953,893,859
291,944,918,943,956,891,862,941,953,893,859
292,944,918,940,956,891,862,941,952,893,859
293,944,902,937,956,891,862,941,952,893,859
294,944,902,937,956,886,862,941,951,893,859
295,944,902,937,956,886,862,941,951,893,859
296,944,902,930,956,886,862,941,951,893,859
297,944,902,930,956,886,862,941,951,893,859
298,944,902,930,956,886,862,941,937,893,859
299,937,902,930,956,886,862,941,937,893,859
300,926,902,930,956,886,862,941,937,893,859
301,926,902,930,956,885,862,937,937,893,859
302,926,902,930,956,885,862,937,937,887,859
303,926,902,930,956,885,862,937,937,887,846
304,926,902,930,952,885,862,937,937,887,846
305,926,902,930,952,885,862,937,937,887,846
306,926,902,917,952,885,862,937,937,887,846
307,926,902,917,952,885,862,937,937,887,846
308,926,902,917,952,885,862,937,935,887,846
309,926,902,917,952,885,862,937,921,887,846
310,926,902,917,952,885,862,933,921,887,846
311,918,902,917,952,885,862,933,921,887,846
312,918,902,917,939,885,862,933,921,887,846
313,918,902,917,939,885,857,933,921,887,846
314,918,902,917,939,885,857,933,921,887,846
315,918,902,917,939,885,857,933,909,887,846
316,918,902,914,939,885,857,927,909,887,846
317,918,902,914,939,885,857,927,909,883,845
318,918,902,914,939,885,857,927,909,883,845
319,918,902,914,939,885,857,927,909,883,845
320,918,897,914,939,885,857,927,909,883,845
321,918,897,914,939,885,857,927,909,883,845
322,918,897,914,939,885,857,920,894,883,845
323,918,888,914,936,885,857,920,894,883,845
324,918,888,914,936,885,857,920,894,883,845
325,918,888,914,935,885,857,920,894,883,845
326,918,888,914,935,880,857,920,894,883,845
327,918,888,914,935,880,857,920,894,883,845
328,918,888,914,935,880,857,913,894,883,845
329,918,888,914,935,880,857,913,894,870,845
330,918,888,914,935,880,857,913,894,870,845
331,918,888,914,935,880,857,913,894,870,845
332,910,888,914,933,880,857,913,894,870,845
333,910,888,914,931,880,857,913,894,870,845
334,910,888,914,931,880,857,913,894,870,845
335,905,888,914,931,880,857,910,894,870,838
336,905,888,914,931,876,857,910,894,870,838
337,905,888,914,931,876,857,910,894,870,838
338,905,888,914,931,876,857,909,894,870,838
339,905,888,914,931,876,857,905,894,870,838
340,905,885,914,931,876,857,904,894,870,838
341,905,885,914,931,876,857,904,894,870,838
342,905,885,914,931,876,856,904,894,870,838
343,905,885,914,931,876,856,904,894,870,838
344,905,885,914,931,876,856,904,894,870,838
345,905,885,914,931,876,856,904,894,870,838
346,905,870,914,931,876,856,904,894,864,838
347,905,870,914,893,876,856,904,894,864,838
348,905,870,913,893,876,856,904,894,864,838
349,903,867,913,893,876,856,904,894,864,838
350,903,867,913,893,876,856,904,894,864,838
351,903,867,913,893,843,856,904,894,864,838
352,903,867,902,893,843,856,904,894,864,838
353,903,867,902,893,843,856,904,894,864,838
354,903,867,902,893,843,856,902,894,864,838
355,903,841,902,893,843,856,902,894,864,838
356,903,841,902,893,843,856,902,894,864,838
357,903,841,902,893,843,856,902,894,864,838
358,903,841,898,893,843,856,902,894,864,838
359,903,841,898,893,843,856,902,894,864,838
360,903,841,898,882,843,856,902,894,864,838
361,903,841,898,882,843,856,902,894,864,838
362,903,841,898,882,843,856,900,894,864,833
363,903,841,898,882,843,856,900,894,864,833
364,903,841,898,882,843,853,888,894,864,833
365,893,841,898,882,843,853,888,894,864,833
366,885,841,898,882,843,853,888,894,864,833
367,885,841,890,882,836,853,888,894,864,833
368,885,841,890,882,836,853,888,894,864,824
369,885,841,890,882,820,853,888,894,864,824
370,885,841,890,882,820,853,888,894,864,820
371,885,841,884,882,820,829,886,894,864,820
372,882,841,884,882,820,829,882,894,864,820
373,878,841,884,882,820,829,882,894,864,820
374,878,841,884,882,820,825,882,894,864,820
375,878,841,884,882,820,825,882,894,864,820
376,871,841,884,873,820,825,882,894,864,820
377,871,841,884,873,820,825,882,894,864,820
378,871,841,884,873,820,825,882,894,864,820
379,871,841,884,873,820,825,882,894,853,820
380,871,841,884,873,820,825,882,894,853,820
381,871,841,880,873,809,822,882,894,853,820
382,871,841,880,873,809,822,882,894,853,820
383,871,825,880,873,809,822,882,894,853,820
384,871,825,880,873,806,822,882,883,853,820
385,871,825,880,873,806,822,882,883,853,820
386,871,825,880,873,806,822,882,883,853,820
387,865,825,880,873,806,820,882,883,853,820
388,865,825,880,873,806,820,882,883,853,820
389,865,825,880,873,806,820,882,883,853,820
390,865,825,880,873,806,820,876,883,851,820
391,865,825,880,873,806,820,876,883,842,820
392,865,825,880,873,804,820,859,883,842,820
393,865,825,880,873,804,820,859,883,842,820
394,865,825,880,873,804,820,859,883,842,820
395,865,825,880,860,804,820,859,883,842,820
396,865,825,880,860,804,820,859,881,842,820
397,865,825,880,860,804,820,859,876,842,820
398,865,825,877,859,804,820,859,876,842,820
399,865,825,877,848,804,820,859,876,842,820
400,865,825,877,848,804,816,859,876,842,820
401,860,825,877,848,804,816,859,876,842,820
402,860,825,877,848,804,816,859,876,842,820
403,860,825,877,848,804,816,859,876,842,820
404,860,825,877,848,804,816,859,876,842,820
405,860,825,877,848,804,816,859,876,842,820
406,860,825,877,848,804,816,859,876,842,820
407,860,825,877,848,804,816,859,876,842,820
408,860,825,877,848,804,816,859,876,842,820
409,860,825,877,848,804,816,859,876,842,820
410,860,812,877,848,800,816,859,876,842,820
411,860,812,877,848,800,816,859,876,842,820
412,844,812,877,848,800,816,859,876,842,820
413,843,812,876,848,800,816,859,876,842,820
414,843,812,876,848,800,816,859,876,842,820
415,843,812,876,848,800,816,859,876,842,820
416,843,812,876,848,800,816,859,876,842,820
417,843,812,876,848,800,816,859,873,842,820
418,843,812,876,848,800,816,859,873,842,820
419,843,812,876,848,800,816,859,873,842,820
420,843,812,876,848,795,816,859,873,842,820
421,843,811,876,848,795,816,859,873,842,820
422,843,811,876,848,795,814,855,864,842,820
423,843,811,876,848,778,814,855,864,842,820
424,843,811,876,848,778,814,855,864,842,820
425,843,811,871,848,778,814,845,864,842,820
426,843,811,871,848,778,814,845,864,842,820
427,843,811,868,848,778,814,845,862,842,814
428,843,811,868,848,778,814,845,862,842,814
429,843,807,868,848,778,814,845,862,842,814
430,843,807,868,848,778,814,845,862,842,814
431,843,807,868,848,778,806,834,862,842,814
432,843,807,837,848,778,806,834,862,842,814
433,843,807,837,848,778,806,834,862,842,814
434,843,807,837,848,778,803,834,862,842,814
435,843,807,837,848,778,803,834,862,842,814
436,843,807,837,848,778,803,834,862,842,814
437,843,807,837,848,778,803,834,853,842,814
438,843,807,837,848,778,803,834,853,842,814
439,843,807,837,848,778,803,834,853,842,814
440,843,807,837,848,778,803,834,853,842,814
441,843,807,837,842,778,803,834,853,842,814
442,843,793,837,842,778,803,834,853,842,814
443,843,793,837,842,778,803,834,853,842,814
444,843,793,837,842,778,803,834,853,842,814
445,843,793,836,842,778,803,834,853,842,814
446,843,793,836,842,778,803,834,853,842,814
447,843,793,836,842,778,803,834,853,842,814
448,843,793,836,842,778,803,834,853,842,814
449,843,793,836,842,778,803,834,853,842,814
450,843,793,836,842,778,803,834,848,842,814
451,843,793,836,842,774,803,834,848,842,814
452,843,793,836,842,774,803,834,848,842,814
453,843,793,836,839,774,797,834,848,842,814
454,843,793,836,839,774,797,834,848,842,814
455,843,793,836,839,774,797,834,848,842,809
456,843,793,836,839,774,797,834,848,842,809
457,843,793,836,839,774,797,834,848,842,809
458,843,793,836,839,774,797,834,848,842,807
459,843,793,836,839,774,797,834,848,842,807
460,843,793,836,839,774,797,834,848,842,807
461,843,793,836,839,774,797,834,840,842,807
462,843,793,836,839,774,797,834,837,842,807
463,843,793,831,839,774,797,834,837,842,807
464,843,793,831,839,774,785,834,837,842,807
465,843,793,831,832,774,785,834,837,842,807
466,843,793,831,832,774,771,834,837,842,807
467,843,793,831,832,774,771,834,837,842,807
468,843,793,831,832,774,771,834,832,842,797
469,843,793,831,832,774,771,834,832,842,797
470,843,792,831,832,774,771,834,832,842,797
471,843,792,831,831,774,771,834,832,842,797
472,843,792,831,831,774,771,834,832,842,797
473,843,792,831,831,774,771,834,832,842,794
474,843,792,827,831,774,771,834,832,842,794
475,836,792,827,831,774,771,834,832,842,794
476,836,792,827,831,774,771,833,832,842,794
477,836,792,827,831,774,771,833,832,842,794
478,836,792,827,831,774,771,833,832,842,794
479,836,792,827,831,774,771,820,832,842,794
480,836,792,827,830,774,771,820,832,842,794
481,836,792,827,830,774,771,820,832,842,794
482,836,792,827,830,774,771,820,832,842,794
483,836,792,827,830,774,771,820,832,842,794
484,830,792,827,823,774,771,820,829,842,794
485,830,792,824,823,774,771,820,829,842,794
486,830,778,824,813,774,771,820,829,842,794
487,830,767,824,813,774,771,820,829,842,794
488,830,767,824,813,774,771,820,829,842,794
489,830,767,824,813,774,771,820,827,842,794
490,830,767,824,813,774,771,820,827,838,794
491,830,767,824,813,774,771,820,827,838,794
492,830,767,824,813,774,771,820,827,838,794
493,830,767,824,813,774,771,820,827,838,794
494,830,767,824,809,774,771,820,827,838,794
495,830,767,824,809,774,771,820,827,838,794
496,830,767,824,809,774,770,820,827,838,794
497,825,767,824,809,774,770,807,827,838,794
498,825,767,824,809,774,770,807,827,838,794
499,825,767,824,809,774,766,807,825,838,794
500,825,767,824,809,774,766,807,816,838,794
501,825,767,824,809,774,766,807,816,838,794
502,825,767,824,809,774,766,807,816,838,794
503,825,767,824,809,774,766,807,816,838,794
504,825,767,824,809,774,766,807,816,838,794
505,819,767,824,809,774,766,807,816,838,794
506,819,767,824,809,774,766,807,816,838,794
507,819,767,824,809,772,766,807,813,838,794
508,819,767,820,809,772,766,807,813,838,794
509,819,767,820,809,772,766,807,813,838,794
510,819,767,820,809,772,766,807,813,838,794
511,819,759,820,809,772,766,807,813,838,794
512,819,759,820,809,772,766,807,813,834,794
513,819,759,820,809,772,766,807,813,834,793
514,819,759,820,809,772,766,807,813,834,793
515,819,759,820,809,772,766,807,813,834,793
516,819,759,820,809,772,766,807,813,834,793
517,819,759,820,809,772,766,807,813,834,793
518,819,759,820,809,772,766,807,812,834,790
519,819,759,820,809,772,766,807,812,834,790
520,819,759,820,809,772,766,807,812,832,790
521,819,759,820,809,772,766,807,812,832,790
522,819,759,820,809,772,766,804,812,832,790
523,819,759,820,809,772,766,804,812,832,790
524,819,759,820,809,772,766,804,812,832,790
525,819,759,820,809,772,766,804,812,832,790
526,819,759,820,809,772,766,804,812,832,790
527,819,759,820,803,772,766,804,812,832,790
528,819,759,820,803,772,766,804,812,832,790
529,819,756,820,803,772,766,804,812,832,790
530,819,756,804,803,772,766,796,809,832,790
531,819,756,804,803,772,766,796,809,832,790
532,815,756,804,803,772,766,796,809,832,790
533,815,756,804,803,772,766,796,809,832,790
534,815,756,798,803,772,766,796,809,832,790
535,815,754,798,803,772,766,787,809,829,790
536,815,754,798,803,772,766,787,809,829,790
537,815,754,798,803,772,766,787,803,829,790
538,815,754,798,803,772,766,787,803,829,788
539,815,754,798,803,772,763,787,803,829,788
540,815,754,798,803,772,763,787,803,829,788
541,815,754,798,803,768,763,787,803,829,780
542,815,754,798,803,768,763,787,803,829,780
543,815,754,798,803,768,763,787,803,829,780
544,815,754,798,803,768,763,787,803,829,780
545,815,754,798,803,768,763,787,803,829,780
546,815,754,798,803,768,763,787,791,829,780
547,815,754,798,803,768,758,787,791,829,780
548,810,754,798,803,768,758,787,791,829,780
549,810,754,798,803,768,758,787,791,829,780
550,810,754,798,803,768,758,787,791,828,775
551,810,754,798,803,768,758,787,791,828,754
552,805,754,798,803,768,752,787,791,828,754
553,794,754,798,803,768,752,787,791,828,754
554,794,754,798,803,768,752,787,791,828,754
555,794,754,798,803,768,749,787,791,828,754
556,794,754,798,803,768,749,787,791,828,754
557,794,751,798,803,761,749,787,791,828,754
558,794,751,798,803,750,749,787,791,828,754
559,794,751,795,803,750,749,787,791,828,754
560,794,751,795,803,749,749,782,791,828,754
561,794,751,795,803,749,749,782,791,828,754
562,794,751,795,803,749,749,780,791,828,754
563,794,746,795,803,749,749,780,791,828,754
564,794,746,795,803,749,749,780,791,821,754
565,794,746,795,803,749,749,780,791,821,754
566,794,746,795,799,749,749,780,791,821,754
567,794,746,795,799,749,749,780,791,821,754
568,791,746,795,799,749,749,780,791,821,754
569,791,746,795,799,749,749,780,791,821,754
570,791,746,795,799,749,749,780,791,821,754
571,791,746,795,799,749,749,780,791,821,754
572,791,746,795,797,749,749,780,791,821,754
573,791,746,795,796,749,749,780,791,821,754
574,791,746,795,796,749,749,780,791,821,754
575,791,746,795,796,749,749,780,791,821,754
576,791,746,788,796,749,749,780,791,820,754
577,791,746,788,796,749,749,780,791,820,754
578,791,746,788,766,737,749,780,791,816,754
579,791,746,788,766,737,749,780,791,816,754
580,791,746,788,766,737,749,780,791,810,754
581,779,746,788,766,737,749,774,791,810,754
582,768,746,788,766,737,749,774,791,810,754
583,768,746,788,766,737,749,774,791,810,754
584,768,746,788,766,737,749,774,791,810,754
585,768,746,788,766,737,749,774,791,810,754
586,768,746,788,766,737,749,774,791,810,754
587,768,746,777,766,737,749,774,791,810,754
588,768,746,777,766,737,749,774,791,810,754
589,768,746,777,764,737,749,774,791,810,754
590,768,746,777,764,737,749,774,791,810,754
591,768,746,777,764,737,749,774,791,810,754
592,768,746,777,764,737,749,774,791,810,754
593,768,746,777,764,737,749,774,791,810,754
594,768,746,777,764,737,749,774,791,810,754
595,768,746,777,764,737,749,774,791,810,754
596,768,746,777,764,737,749,774,791,810,754
597,768,746,777,764,737,749,774,791,810,754
598,768,746,777,764,737,749,774,791,810,754
599,768,746,774,764,737,749,774,791,810,754
600,768,746,774,764,737,749,774,791,810,754
601,768,746,774,764,737,749,774,791,810,754
602,768,746,774,764,737,749,771,791,810,754
603,768,746,774,763,737,749,771,791,810,754
604,768,746,774,763,737,749,771,791,810,754
605,768,746,774,763,737,749,771,791,810,754
606,768,746,774,763,737,749,771,791,810,754
607,768,746,774,763,737,749,771,791,810,754
608,768,746,774,763,737,749,771,791,810,752
609,768,746,774,763,737,749,771,783,810,752
610,768,746,774,763,737,749,763,783,810,752
611,768,746,774,763,737,749,763,783,810,752
612,768,746,774,758,737,749,756,783,810,752
613,768,746,774,758,737,749,756,783,810,752
614,768,746,774,758,737,749,756,781,810,752
615,768,746,774,758,737,749,756,781,810,752
616,768,746,774,758,737,749,755,781,810,752
617,768,746,774,758,737,749,748,781,810,752
618,768,746,774,758,737,749,748,781,810,752
619,768,746,774,758,737,749,748,781,810,752
620,760,746,774,758,737,749,746,781,810,752
621,760,746,774,758,737,749,746,781,810,752
622,760,746,773,758,737,749,746,781,810,752
623,760,746,773,758,737,749,746,781,810,752
624,760,746,773,758,737,749,746,781,810,752
625,760,746,773,758,737,749,746,781,810,752
626,760,746,773,758,733,749,746,781,810,752
627,760,746,773,758,733,749,746,781,798,752
628,760,746,773,758,733,749,745,774,798,752
629,760,746,773,758,733,749,745,774,798,752
630,760,746,773,758,733,749,745,774,798,752
631,760,746,773,758,733,749,745,774,798,752
632,760,746,773,758,733,749,745,774,798,752
633,760,746,773,758,733,749,745,774,795,752
634,760,746,773,758,733,749,745,774,795,752
635,760,746,773,758,733,749,745,774,795,752
636,760,746,773,758,733,749,745,774,795,752
637,760,746,773,758,733,749,745,774,795,752
638,760,746,773,758,733,749,745,774,795,752
639,760,746,773,758,733,749,745,774,795,752
640,760,746,773,758,733,749,745,774,795,752
641,760,746,773,758,733,749,745,774,795,752
642,760,746,773,758,733,749,745,774,795,752
643,760,746,773,758,733,749,745,774,795,752
644,760,746,773,758,733,749,745,774,789,752
645,760,746,773,758,733,749,745,774,789,752
646,760,746,773,758,733,749,745,774,789,752
647,760,746,773,758,733,749,745,774,789,752
648,760,746,773,755,733,749,745,774,789,752
649,760,746,773,755,733,719,745,774,789,752
650,760,746,773,755,733,719,745,774,789,752
651,760,746,773,755,733,719,745,774,789,752
652,760,746,773,755,733,715,745,774,789,752
653,760,746,773,755,733,715,745,774,789,752
654,760,746,773,755,733,715,745,774,789,752
655,757,746,773,750,733,715,745,774,789,752
656,757,746,773,750,733,715,745,774,789,752
657,757,746,773,750,733,715,745,774,789,752
658,757,746,773,750,733,715,745,774,789,752
659,757,746,773,750,733,715,745,774,789,752
660,757,746,773,750,731,715,745,774,789,752
661,757,746,773,750,731,715,745,774,789,752
662,757,746,773,750,731,715,745,774,789,752
663,757,746,773,750,731,715,745,774,779,752
664,757,746,773,750,731,715,745,774,779,752
665,757,746,773,750,731,715,745,774,779,752
666,756,746,773,750,731,715,745,774,779,752
667,756,746,773,750,731,715,745,774,779,752
668,756,746,773,750,731,715,745,774,766,752
669,756,743,773,750,731,715,745,774,764,752
670,756,743,773,750,731,715,745,774,764,752
671,756,743,773,750,731,715,745,774,764,752
672,756,743,773,750,731,713,745,774,764,752
673,750,743,773,750,731,713,745,774,764,752
674,750,743,769,750,731,713,745,774,764,752
675,750,743,769,750,731,713,745,774,764,752
676,750,743,769,750,731,713,745,768,764,752
677,750,743,769,750,731,713,745,768,764,752
678,750,743,769,750,731,713,745,768,764,752
679,750,743,769,750,731,713,745,768,764,752
680,750,743,769,750,731,713,745,768,764,752
681,750,743,769,747,731,713,745,768,763,752
682,750,743,769,747,731,713,745,768,763,752
683,750,743,769,747,731,713,745,768,763,752
684,750,743,769,747,731,713,745,768,763,749
685,750,743,769,747,731,713,745,768,763,749
686,750,743,769,747,731,713,745,768,763,749
687,750,743,769,747,731,713,745,768,763,749
688,750,743,769,747,731,713,745,768,763,749
689,750,743,769,747,731,713,745,768,763,749
690,750,743,769,747,731,713,745,768,763,749
691,750,743,769,747,731,713,745,768,763,749
692,750,743,765,747,731,713,745,768,763,749
693,750,743,765,747,731,713,745,768,763,749
694,750,743,765,746,731,713,745,768,763,749
695,750,743,765,746,731,713,736,768,763,749
696,750,743,765,744,728,713,736,768,763,749
697,748,743,765,744,728,713,736,768,763,749
698,748,743,765,744,728,713,736,768,763,749
699,748,743,765,744,728,713,736,768,763,749
700,748,743,765,744,728,713,736,768,763,749
701,748,743,765,744,728,713,736,768,763,749
702,748,743,765,744,728,713,736,768,763,749
703,748,743,765,744,727,713,736,768,763,749
704,748,743,765,744,727,713,736,768,763,749
705,748,743,765,743,727,713,736,768,763,749
706,748,743,765,743,727,713,736,768,763,749
707,748,743,765,743,727,713,736,768,763,749
708,748,743,765,743,727,713,736,768,763,749
709,748,743,765,743,727,713,736,750,763,749
710,748,743,765,743,727,713,736,750,763,749
711,748,743,765,743,727,713,736,750,763,749
712,741,743,765,743,727,713,736,750,763,749
713,741,734,765,743,727,713,736,750,763,749
714,741,734,765,743,727,713,736,750,763,749
715,741,734,765,743,727,713,736,750,763,749
716,741,734,765,743,727,713,736,750,763,749
717,741,734,763,743,727,713,736,750,763,749
718,741,734,763,743,727,713,736,750,763,749
719,741,734,763,743,727,713,736,750,763,749
720,741,734,763,733,727,713,736,750,763,749
721,741,734,763,733,727,713,736,750,763,749
722,741,734,763,733,727,713,736,749,763,749
723,741,734,763,733,727,713,736,749,763,749
724,741,734,763,733,727,713,736,749,763,745
725,741,734,763,733,718,712,736,749,763,745
726,741,734,763,733,718,712,736,749,763,745
727,741,734,763,733,718,712,736,749,763,745
728,741,734,763,733,718,712,736,749,763,745
729,741,734,763,733,713,710,736,749,760,745
730,741,734,763,733,713,710,736,749,760,745
731,741,734,763,733,713,710,736,749,760,742
732,741,734,763,733,713,710,736,749,760,742
733,741,734,763,733,713,710,736,749,760,742
734,741,734,763,733,713,710,735,749,754,739
735,741,734,763,733,713,710,735,749,754,739
736,741,734,763,733,713,710,735,749,754,739
737,741,734,759,733,713,710,735,749,754,739
738,741,734,759,733,713,710,735,749,754,739
739,741,734,759,733,713,710,735,749,754,739
740,741,734,759,730,713,710,735,749,754,739
741,741,734,755,730,713,710,735,749,754,739
742,741,734,755,730,710,710,735,749,754,739
743,741,734,755,730,710,710,735,749,754,739
744,741,734,755,730,710,704,735,749,754,739
745,741,724,755,730,710,704,735,749,754,739
746,741,724,755,730,710,704,735,749,754,739
747,730,724,755,730,710,704,735,749,754,739
748,730,724,755,730,710,704,735,749,754,739
749,730,724,755,730,710,704,735,749,754,739
750,730,724,755,730,710,704,735,749,754,739
751,730,724,755,730,710,704,735,749,754,739
752,730,724,755,730,710,704,735,749,754,739
753,730,724,755,730,710,704,735,749,754,739
754,730,724,755,730,710,704,735,749,754,739
755,730,724,755,730,710,704,735,749,754,736
756,730,724,755,730,710,704,735,749,754,736
757,730,724,755,730,710,704,735,749,754,736
758,730,724,755,730,710,704,735,747,754,736
759,730,724,755,730,701,704,722,747,749,736
760,730,724,755,730,701,704,722,747,749,736
761,727,724,755,730,701,704,722,747,749,736
762,727,724,755,730,701,704,722,747,749,736
763,727,724,755,730,701,704,722,747,749,736
764,727,724,755,730,697,704,722,747,746,736
765,727,724,755,730,697,704,722,744,746,736
766,727,724,755,730,697,704,722,744,746,736
767,727,724,755,730,697,704,722,744,746,736
768,727,724,755,730,697,704,722,744,746,736
769,727,724,755,730,697,704,722,744,746,736
770,727,724,755,730,697,704,722,744,746,736
771,727,724,755,730,697,704,722,744,746,736
772,727,724,755,730,697,704,701,744,746,736
773,727,724,755,730,697,704,701,744,746,736
774,727,724,755,730,697,704,701,744,746,736
775,727,724,755,730,697,704,701,744,746,736
776,727,724,755,730,697,704,701,744,746,733
777,727,724,755,730,697,704,701,744,746,733
778,727,724,755,730,697,704,701,744,743,733
779,727,724,755,730,697,704,701,744,743,733
780,727,724,755,730,697,704,701,744,743,733
781,727,724,755,730,697,704,701,744,743,733
782,727,724,755,730,697,704,701,744,743,733
783,727,724,755,730,697,704,701,744,743,733
784,727,724,755,730,697,704,701,744,740,733
785,727,724,755,730,697,704,701,744,740,733
786,727,724,755,730,697,704,701,744,740,733
787,727,724,755,730,697,704,701,744,740,733
788,727,724,755,730,697,704,701,744,740,733
789,727,724,755,730,697,704,701,744,740,731
790,727,724,755,730,697,704,701,744,740,731
791,727,724,755,730,697,704,701,744,740,731
792,727,724,755,730,697,704,701,744,740,731
793,727,724,755,730,697,704,701,744,740,731
794,727,724,755,730,697,704,701,744,740,731
795,727,724,755,729,697,704,701,744,740,731
796,727,724,755,729,697,704,701,744,740,731
797,727,724,755,729,697,704,701,744,740,731
798,727,724,755,729,697,704,701,744,740,731
799,727,724,755,729,697,703,701,744,740,731
800,727,724,755,729,697,703,701,744,740,731
801,727,724,755,729,697,703,701,744,740,731
802,727,724,755,729,697,703,701,744,740,731
803,727,724,755,729,697,703,701,744,740,731
804,727,724,755,729,697,703,701,744,740,731
805,727,724,749,729,697,703,701,744,740,730
806,727,724,749,729,697,703,701,744,740,730
807,727,724,749,729,697,703,701,744,740,730
808,727,724,749,729,697,703,701,744,740,730
809,727,724,749,729,697,703,701,744,735,730
810,724,724,749,726,691,703,701,744,735,730
811,724,724,749,726,691,703,701,744,735,730
812,724,724,749,726,691,703,701,744,735,730
813,724,724,744,726,691,703,701,744,735,730
814,724,724,744,726,691,703,701,736,735,730
815,724,724,744,726,691,703,701,736,735,722
816,724,724,743,726,691,703,701,736,732,722
817,724,724,743,726,691,703,701,736,732,722
818,724,724,743,726,691,703,701,736,732,722
819,724,724,743,726,691,702,701,732,732,722
820,724,724,743,726,691,702,701,732,732,722
821,724,724,743,726,691,702,701,732,732,722
822,724,724,743,726,691,702,701,732,732,722
823,724,724,743,726,691,702,701,732,732,722
824,724,724,743,726,691,702,701,732,732,722
825,724,724,743,726,691,702,701,732,732,722
826,724,724,743,726,691,702,701,732,732,722
827,724,724,743,726,691,702,701,732,732,722
828,724,724,743,726,691,702,701,732,732,722
829,724,724,743,726,691,702,701,732,732,722
830,724,724,743,726,691,702,701,732,729,722
831,724,724,743,726,691,702,701,732,729,722
832,724,724,743,726,691,702,701,732,729,722
833,724,724,735,726,691,702,701,732,729,722
834,724,724,735,726,686,702,701,732,729,722
835,724,724,735,726,684,702,701,732,729,722
836,724,724,735,726,684,702,701,732,729,722
837,724,724,735,725,683,702,701,732,729,722
838,724,724,735,725,683,702,693,732,729,722
839,724,724,735,725,683,702,692,732,729,722
840,724,724,735,725,683,702,692,732,729,722
841,724,724,735,725,683,702,692,732,729,722
842,724,724,735,725,683,702,692,732,729,722
843,724,724,735,725,683,702,692,732,729,722
844,724,724,735,725,683,702,692,732,729,722
845,724,724,735,725,683,702,692,732,729,722
846,724,724,735,725,683,702,692,732,729,722
847,724,724,735,725,683,702,692,732,729,722
848,724,724,735,725,683,702,692,732,729,722
849,723,724,735,725,683,702,692,732,729,722
850,717,724,735,721,683,702,692,732,729,722
851,717,724,735,721,683,702,692,732,729,722
852,717,724,735,721,683,702,692,732,729,722
853,717,724,735,721,683,702,692,728,723,722
854,717,724,735,721,683,702,692,728,723,722
855,717,724,735,721,683,702,692,728,723,722
856,717,724,735,721,683,702,692,728,723,722
857,717,724,735,721,683,702,692,728,723,722
858,717,724,735,721,683,702,692,728,723,722
859,717,724,735,720,683,702,692,728,723,722
860,717,724,735,720,683,702,692,728,723,722
861,717,724,735,720,683,702,692,728,723,716
862,717,724,735,718,683,702,692,728,723,716
863,717,724,735,714,683,702,692,728,723,716
864,717,724,731,714,683,702,692,728,723,716
865,717,724,731,714,683,702,692,728,723,716
866,717,724,731,714,683,702,692,728,723,716
867,717,724,731,714,683,702,692,728,723,716
868,717,724,731,714,683,702,692,728,723,716
869,717,724,731,714,683,702,692,728,723,716
870,717,724,731,714,683,702,692,728,723,716
871,717,724,731,714,683,702,692,728,723,716
872,717,724,731,714,683,702,692,726,723,716
873,717,724,731,714,683,702,692,726,723,716
874,717,724,719,714,683,702,692,716,723,716
875,717,724,719,714,683,702,692,716,723,716
876,717,724,719,714,683,702,692,716,723,716
877,717,724,719,714,683,702,692,716,723,716
878,717,717,719,714,683,702,692,716,723,716
879,717,717,719,714,683,702,692,716,723,716
880,717,717,719,714,683,702,692,716,723,708
881,717,717,719,714,680,702,692,716,723,708
882,717,717,719,714,680,702,692,716,723,708
883,717,717,719,714,680,697,692,716,723,708
884,717,717,719,714,680,697,692,716,723,708
885,717,717,719,714,680,697,692,716,723,708
886,717,717,719,714,680,697,692,716,723,708
887,717,717,719,714,680,697,692,716,723,708
888,717,717,719,714,680,697,692,716,723,708
889,717,717,719,714,680,692,692,715,723,708
890,717,717,719,714,680,692,692,715,723,708
891,717,717,719,714,680,692,692,715,723,708
892,712,717,719,714,680,692,692,715,723,708
893,712,707,719,714,680,692,692,715,723,708
894,712,707,719,714,680,692,692,715,723,708
895,712,707,719,714,680,692,692,715,715,708
896,712,707,719,714,680,692,692,715,715,708
897,712,707,719,714,680,692,692,715,715,708
898,712,707,719,714,680,692,692,715,715,708
899,712,707,719,714,680,692,692,715,715,708
900,712,707,719,714,680,692,692,715,715,708
901,712,707,719,714,680,692,692,715,715,708
902,712,707,719,714,680,692,692,715,715,708
903,712,707,719,714,680,692,692,715,715,708
904,712,707,719,714,680,692,691,715,715,708
905,712,707,719,714,680,692,691,715,715,708
906,712,707,719,714,680,692,683,715,715,702
907,712,707,719,714,680,692,683,715,715,702
908,712,707,719,714,680,692,683,715,715,702
909,712,707,719,714,680,692,683,711,715,702
910,698,707,719,714,680,692,683,711,715,702
911,698,707,719,714,680,692,683,711,715,702
912,698,707,719,711,680,692,683,711,715,702
913,698,707,719,711,680,692,683,711,715,702
914,698,707,719,711,680,692,683,711,715,702
915,698,707,719,711,680,692,683,711,715,702
916,698,707,719,711,680,692,683,711,715,702
917,698,707,719,711,680,692,683,711,715,702
918,698,707,719,711,680,692,683,711,715,702
919,698,707,719,711,680,692,679,711,715,702
920,698,707,719,711,680,692,679,711,715,702
921,698,707,719,711,680,692,679,711,715,702
922,698,707,719,711,680,692,679,711,715,702
923,698,707,719,711,680,692,679,711,715,702
924,698,707,719,711,680,692,679,711,715,702
925,698,707,719,711,680,692,679,711,715,702
926,698,707,719,711,680,692,679,711,715,702
927,698,707,719,711,680,692,679,711,715,702
928,698,707,719,711,680,692,679,711,715,702
929,698,707,719,711,680,692,679,711,715,702
930,692,707,719,711,680,690,679,711,715,702
931,692,707,719,711,680,690,679,711,715,702
932,692,707,719,711,680,690,679,711,715,702
933,692,707,719,711,680,690,679,711,715,702
934,692,707,719,711,680,690,679,711,715,702
935,692,707,719,711,680,690,679,711,715,702
936,692,707,719,711,680,690,679,711,715,702
937,692,707,719,711,680,690,679,711,715,702
938,692,707,719,711,680,690,672,711,714,702
939,692,707,719,711,680,690,672,711,714,702
940,692,707,719,711,680,690,672,711,714,702
941,692,707,719,711,680,690,672,711,714,702
942,692,707,719,711,680,690,672,704,714,702
943,692,707,719,711,680,690,672,704,710,702
944,692,707,719,711,680,690,672,704,710,702
945,692,707,719,711,680,690,672,704,710,702
946,692,707,719,711,680,690,672,704,710,702
947,692,707,719,711,680,690,672,704,710,702
948,692,707,719,711,680,690,672,704,710,702
949,692,707,719,711,680,690,672,704,710,702
950,692,707,719,711,680,690,672,704,710,702
951,692,707,719,711,680,690,672,704,703,702
952,692,707,719,711,680,690,672,704,703,702
953,692,707,719,711,680,685,672,704,703,702
954,692,707,719,707,680,685,672,704,703,699
955,692,707,719,707,680,685,672,704,703,699
956,692,707,719,707,680,685,672,704,703,699
957,692,705,719,707,680,685,672,704,703,699
958,692,705,719,707,680,685,672,704,703,699
959,692,705,719,707,680,685,672,704,703,699
960,692,705,719,707,680,685,672,704,703,699
961,692,705,719,707,680,685,672,704,703,699
962,692,705,719,707,680,685,672,704,703,699
963,692,705,719,707,680,685,672,704,703,693
964,692,705,719,707,680,685,672,704,703,693
965,692,705,712,707,680,685,672,704,703,685
966,692,705,712,707,680,685,672,704,703,685
967,692,705,712,707,680,685,672,704,703,685
968,692,705,712,707,680,685,672,704,703,685
969,692,705,712,707,680,685,672,704,703,685
970,692,705,712,707,680,685,672,704,703,685
971,692,705,712,707,680,685,672,698,701,685
972,692,705,701,707,680,685,672,698,697,685
973,692,705,701,707,680,685,672,698,697,685
974,692,705,701,707,680,685,672,698,697,685
975,692,705,701,707,680,685,672,698,697,685
976,692,705,701,707,680,685,672,698,697,685
977,692,705,701,707,680,685,672,698,697,685
978,692,705,701,707,680,685,672,698,697,685
979,692,705,701,707,680,685,671,698,697,685
980,692,705,701,707,680,685,671,698,697,685
981,692,705,701,707,680,685,671,698,697,685
982,692,705,701,707,680,685,671,698,697,685
983,692,705,701,707,680,685,671,698,697,682
984,692,705,701,707,680,685,671,698,697,682
985,692,705,701,707,680,685,671,698,697,675
986,692,705,701,707,680,685,671,698,697,675
987,692,705,701,707,680,685,671,698,697,675
988,692,705,701,707,680,685,671,698,697,675
989,692,705,701,707,680,685,671,698,697,675
990,692,705,701,707,680,685,671,698,697,675
991,692,705,701,707,680,685,671,698,697,675
992,692,705,701,705,680,685,671,698,697,675
993,692,703,701,705,680,685,671,698,697,675
994,692,703,701,705,680,685,671,698,697,675
995,692,698,701,705,680,685,671,698,697,675
996,692,698,701,705,680,685,671,698,697,675
997,692,698,701,705,680,685,671,698,697,675
998,692,698,701,705,680,685,671,698,697,675
999,692,698,701,705,680,685,671,698,697,675
1000,692,698,701,705,680,685,671,698,697,675
1001,692,698,701,705,680,685,671,698,697,671
1002,692,698,701,705,680,685,671,698,697,671
1003,692,698,701,705,680,685,671,698,697,671
1004,692,689,701,705,680,685,671,698,697,671
1005,692,689,701,705,680,685,671,698,697,671
1006,692,689,701,705,680,685,671,698,697,671
1007,692,689,701,705,680,685,671,698,697,671
1008,692,689,701,705,680,685,671,698,697,671
1009,692,689,701,705,680,685,671,698,697,671
1010,692,689,701,705,680,685,671,698,697,671
1011,692,689,701,705,680,685,671,698,697,671
1012,692,689,701,705,680,685,671,698,697,671
1013,692,689,701,705,680,685,671,698,697,671
1014,692,689,701,705,680,685,671,698,697,671
1015,692,689,701,705,680,685,671,698,697,663
1016,692,689,701,705,680,685,671,698,697,663
1017,692,689,701,705,680,685,671,698,697,663
1018,684,689,701,705,680,685,671,698,697,663
1019,684,689,701,705,680,685,671,698,697,663
1020,684,689,701,705,680,685,671,698,682,663
1021,684,689,701,705,680,680,671,698,682,663
1022,684,689,701,705,680,680,671,698,682,663
1023,684,689,691,702,680,680,671,698,682,663
1024,684,689,691,702,680,680,671,698,682,663
1025,684,689,691,702,680,680,671,698,682,663
1026,684,689,691,702,680,680,671,698,682,663
1027,684,689,691,702,680,680,671,698,682,663
1028,684,689,691,702,680,680,671,698,682,663
1029,684,689,691,702,680,680,671,698,682,663
1030,684,689,691,702,680,680,671,698,682,663
1031,684,689,691,702,680,680,671,698,679,663
1032,684,689,685,702,680,680,671,698,679,663
1033,684,689,685,702,680,680,671,698,679,663
1034,684,689,685,702,680,680,671,698,679,663
1035,684,689,685,702,680,680,671,698,679,663
1036,684,689,685,702,680,680,671,698,679,663
1037,684,689,685,702,680,680,671,698,679,663
1038,684,689,685,702,680,680,671,698,679,663
1039,684,689,685,702,680,680,671,698,679,663
1040,684,681,685,702,680,680,671,698,679,663
1041,684,681,685,702,680,680,671,698,679,663
1042,684,681,685,702,680,680,671,698,679,663
1043,684,681,685,702,680,680,671,698,679,663
1044,684,681,685,702,680,680,671,698,679,663
1045,684,681,685,702,680,680,671,698,679,663
1046,684,681,685,702,680,680,671,698,679,663
1047,684,681,685,702,680,680,671,698,679,663
1048,684,681,685,702,680,680,671,698,679,663
1049,684,681,685,702,680,680,671,698,679,663
1050,684,681,685,702,680,680,671,698,679,663
1051,684,681,685,702,680,680,671,698,679,663
1052,684,681,685,702,680,680,671,698,679,663
1053,684,681,685,702,680,680,671,698,679,663
1054,684,681,685,702,680,680,671,698,679,663
1055,684,681,685,702,680,680,671,698,679,663
1056,684,681,685,702,680,680,671,698,679,663
1057,684,681,685,702,680,680,671,698,679,663
1058,684,681,685,702,680,680,671,698,679,663
1059,684,681,685,702,680,680,671,698,679,663
1060,684,681,685,702,680,680,671,698,679,663
1061,684,681,685,702,680,678,671,698,679,663
1062,684,681,685,702,680,678,671,695,679,663
1063,684,681,685,702,680,678,671,695,679,663
1064,684,681,685,702,680,678,671,695,679,663
1065,684,681,685,702,680,678,667,695,679,663
1066,681,681,685,698,680,678,667,695,679,663
1067,681,681,685,698,680,678,667,695,679,663
1068,681,681,685,698,680,678,667,695,679,663
1069,681,681,685,698,680,678,667,695,679,663
1070,681,681,685,698,680,678,667,695,679,663
1071,681,681,685,698,680,678,667,695,679,663
1072,681,681,685,698,680,678,667,695,679,663
1073,681,681,685,692,680,678,667,695,679,663
1074,681,681,685,692,680,678,666,695,679,663
1075,681,678,685,692,680,678,666,695,679,663
1076,681,678,685,692,680,678,666,695,679,663
1077,681,678,685,692,680,678,666,695,679,663
1078,681,678,685,692,680,678,666,695,679,663
1079,681,678,685,692,680,678,666,695,679,656
1080,681,678,685,692,680,678,666,695,679,656
1081,681,678,685,692,680,678,666,695,679,656
1082,681,678,685,692,680,678,666,695,679,656
1083,681,678,685,692,680,678,666,695,679,656
1084,681,678,685,692,680,678,666,695,679,656
1085,681,678,685,692,678,678,666,695,679,656
1086,681,678,685,692,678,678,666,695,679,656
1087,681,678,685,692,678,678,666,695,679,656
1088,681,678,685,692,678,678,666,695,679,656
1089,681,678,685,692,678,678,666,695,679,656
1090,681,678,685,692,678,678,666,695,679,656
1091,681,678,685,692,678,678,666,695,679,656
1092,681,678,685,692,678,678,666,695,679,656
1093,681,678,685,692,678,678,666,695,679,656
1094,681,678,685,692,678,678,666,695,678,656
1095,681,678,685,692,678,678,666,695,670,656
1096,681,678,685,692,678,678,666,695,670,656
1097,681,678,684,692,678,678,666,695,670,656
1098,681,678,684,692,678,678,666,695,670,656
1099,681,678,684,692,678,678,666,695,670,656
1100,681,678,684,692,678,678,666,695,670,656
1101,681,678,684,692,678,678,666,695,670,656
1102,681,678,684,692,678,678,666,695,670,656
1103,681,678,684,692,678,678,666,695,670,656
1104,681,678,684,692,678,678,666,695,670,656
1105,681,678,684,692,678,678,666,695,670,656
1106,681,678,684,692,678,678,666,695,670,656
1107,681,678,684,692,678,678,666,695,670,656
1108,681,678,684,692,678,678,666,695,670,656
1109,681,678,684,692,678,678,666,695,670,656
1110,681,678,684,692,678,678,666,695,670,656
1111,681,678,684,692,678,678,666,695,670,656
1112,681,678,684,692,678,678,666,695,670,656
1113,681,678,684,692,678,678,666,695,670,656
1114,681,678,684,692,678,678,666,695,670,656
1115,681,678,684,692,678,678,666,695,670,656
1116,681,678,684,692,678,678,666,695,670,656
1117,681,678,684,692,678,678,666,695,670,656
1118,681,678,684,692,678,678,666,695,670,656
1119,681,678,684,692,678,678,666,695,670,656
1120,681,678,684,692,678,678,666,695,670,656
1121,681,678,684,692,678,678,666,695,670,656
1122,681,678,684,692,678,678,666,695,670,656
1123,681,678,684,692,678,678,666,695,670,656
1124,681,678,684,692,678,678,666,695,670,656
1125,675,678,684,692,678,678,666,695,670,656
1126,675,678,684,692,678,678,666,695,670,656
1127,675,678,684,692,678,678,666,695,670,656
1128,675,678,684,692,676,678,666,695,670,656
1129,675,678,684,692,676,678,666,695,670,656
1130,675,678,684,692,676,678,666,693,670,656
1131,675,678,684,692,676,678,666,693,670,656
1132,675,678,684,692,676,678,666,693,670,656
1133,675,678,684,692,676,678,666,693,670,656
1134,675,678,684,692,676,678,666,693,670,656
1135,675,678,684,692,676,678,666,693,670,656
1136,675,678,684,692,676,678,666,693,670,656
1137,675,678,684,692,676,678,666,693,670,656
1138,675,678,684,692,676,678,666,693,670,656
1139,673,678,684,692,676,678,666,693,670,656
1140,673,678,684,692,676,678,666,693,670,656
1141,673,678,684,692,676,678,666,693,670,656
1142,673,678,684,690,676,678,666,693,670,656
1143,673,678,684,690,676,678,666,693,670,656
1144,673,678,684,690,676,678,666,693,670,656
1145,673,678,684,690,676,678,666,693,670,656
1146,673,678,684,690,676,678,666,693,670,656
1147,673,678,684,690,676,678,666,693,670,656
1148,673,678,684,690,676,678,666,693,670,656
1149,673,678,684,690,676,678,666,693,670,656
1150,673,678,684,690,676,678,666,693,670,656
1151,673,678,684,690,676,678,666,693,670,656
1152,673,678,684,690,676,678,666,693,670,656
1153,673,678,684,690,676,678,666,693,670,656
1154,673,678,684,690,676,678,666,693,670,656
1155,673,678,684,690,676,677,666,693,670,656
1156,673,678,684,690,676,677,666,693,670,656
1157,673,678,684,690,676,677,666,693,670,656
1158,673,678,684,690,675,677,666,693,670,656
1159,673,678,684,690,675,677,666,693,670,656
1160,673,678,684,690,675,677,666,693,670,656
1161,673,678,684,690,675,677,666,693,670,656
1162,673,678,684,690,675,677,666,688,670,656
1163,673,678,684,690,675,677,666,688,670,656
1164,673,678,684,690,675,677,666,688,670,656
1165,673,678,684,690,675,677,666,688,670,656
1166,673,678,684,690,675,677,666,688,670,656
1167,673,678,684,690,675,677,666,688,670,656
1168,673,678,684,690,675,677,666,680,670,656
1169,673,678,684,690,675,677,666,680,670,656
1170,673,678,684,690,675,677,666,680,670,656
1171,673,678,684,690,675,677,666,680,670,656
1172,673,678,684,690,675,677,666,680,670,656
1173,673,678,684,690,675,676,666,680,670,656
1174,673,678,684,690,675,676,666,680,670,656
1175,673,678,684,690,675,676,666,680,670,656
1176,673,678,684,690,675,676,666,680,670,656
1177,673,678,684,690,675,676,666,680,670,656
1178,673,678,684,690,675,676,666,680,670,656
1179,673,678,684,690,675,676,666,680,670,656
1180,673,678,684,690,675,676,666,680,670,656
1181,673,678,684,690,675,676,666,680,670,656
1182,673,678,684,690,675,676,666,680,670,656
1183,673,678,684,690,675,676,666,680,670,656
1184,673,678,684,690,675,676,666,680,670,656
1185,673,678,684,690,675,676,666,680,670,656
1186,673,678,684,690,675,676,666,680,670,656
1187,673,678,684,690,675,676,666,680,670,656
1188,673,678,684,690,673,676,666,680,670,656
1189,673,678,684,690,673,676,666,680,670,656
1190,671,678,684,690,673,676,666,680,670,656
1191,671,678,684,690,673,676,666,679,670,656
1192,671,678,684,690,673,676,666,679,670,656
1193,671,678,684,690,673,676,666,679,670,656
1194,671,678,684,690,673,676,666,679,670,656
1195,671,678,684,690,673,676,666,679,670,656
1196,671,678,684,690,673,676,666,679,670,656
1197,671,678,684,690,673,676,666,679,670,656
1198,671,678,684,690,673,676,666,664,670,656
1199,671,678,684,690,673,676,666,664,670,656
1200,671,678,684,690,673,676,666,664,665,656
1201,671,678,684,690,673,676,666,664,665,656
1202,671,678,684,690,673,676,666,664,665,656
1203,671,678,684,690,673,676,666,664,665,656
1204,668,678,684,690,673,676,666,664,665,656
1205,668,678,684,690,673,676,666,664,665,656
1206,668,678,684,690,673,676,666,664,665,656
1207,668,678,684,690,673,676,666,664,665,656
1208,668,678,684,690,673,676,666,664,665,656
1209,668,678,683,690,673,676,666,664,665,656
1210,668,678,683,690,673,676,666,664,665,656
1211,668,678,683,690,673,676,666,664,665,656
1212,668,678,683,690,673,676,666,664,665,656
1213,668,678,683,690,673,676,666,664,665,656
1214,668,678,683,690,673,676,666,664,665,654
1215,668,678,683,690,673,676,666,664,665,654
1216,668,678,683,690,673,676,666,664,665,654
1217,666,678,683,690,673,676,666,664,665,654
1218,666,678,683,690,673,676,666,664,665,654
1219,666,678,683,690,673,676,666,664,665,654
1220,666,678,683,690,673,676,666,664,665,654
1221,666,678,683,690,673,676,666,664,665,654
1222,666,678,683,690,673,676,666,663,665,654
1223,666,678,683,690,673,676,666,663,665,654
1224,666,676,683,689,673,676,666,663,665,654
1225,666,676,683,689,673,676,666,663,665,654
1226,666,676,678,689,673,676,666,663,665,654
1227,666,675,678,689,673,676,666,663,665,654
1228,666,675,678,689,673,676,666,663,665,654
1229,666,675,678,689,673,676,666,663,665,654
1230,666,675,678,689,673,676,666,663,665,654
1231,666,675,678,688,673,676,666,663,665,654
1232,663,675,678,688,673,676,666,663,665,654
1233,663,675,678,688,673,676,666,663,665,654
1234,661,675,678,688,673,673,666,663,665,654
1235,661,675,678,688,673,673,666,663,665,654
1236,661,675,678,687,673,673,666,663,665,654
1237,661,675,678,687,673,673,666,663,665,654
1238,661,675,678,687,673,673,666,663,665,654
1239,661,675,678,687,673,673,666,663,665,654
1240,661,675,678,687,673,673,666,663,665,654
1241,661,675,678,687,673,673,666,663,665,654
1242,661,675,678,687,673,673,666,663,665,654
1243,661,675,678,687,673,667,666,663,665,654
1244,661,675,678,687,673,667,666,663,665,654
1245,661,675,678,687,670,667,666,663,665,654
1246,661,675,678,687,670,667,666,663,665,654
1247,661,672,678,682,670,667,666,663,665,654
1248,661,672,678,680,670,667,666,663,665,654
1249,661,672,678,680,670,667,665,663,665,654
1250,661,672,678,680,670,667,665,663,665,654
1251,661,672,678,680,670,667,665,663,665,654
1252,661,672,678,680,670,667,665,663,665,654
1253,661,672,678,680,670,667,665,663,665,654
1254,661,672,678,680,670,667,665,663,665,654
1255,661,672,678,680,670,667,665,663,665,654
1256,661,672,678,680,670,667,665,663,665,654
1257,661,672,678,680,670,667,665,663,665,654
1258,661,672,678,680,670,667,665,663,665,654
1259,661,672,678,680,670,667,665,663,665,654
1260,661,672,678,680,670,667,665,663,665,654
1261,661,672,678,680,670,667,665,663,665,654
1262,661,672,678,680,670,667,665,663,665,654
1263,661,672,678,680,670,667,665,663,665,654
1264,661,672,678,680,670,667,665,663,665,654
1265,661,672,678,680,662,667,665,663,665,654
1266,661,672,678,680,662,667,665,663,665,654
1267,661,672,678,680,662,667,665,663,665,654
1268,661,672,678,680,662,667,665,663,665,654
1269,661,672,678,680,662,667,665,663,665,654
1270,661,672,678,680,662,667,665,663,665,654
1271,661,672,678,680,662,667,665,663,665,654
1272,661,672,678,680,662,667,665,663,665,654
1273,661,672,678,680,662,667,665,663,665,654
1274,661,672,678,680,662,667,665,663,665,654
1275,661,672,678,680,662,667,665,663,665,654
1276,661,672,678,674,662,667,665,663,665,654
1277,661,672,678,674,662,667,665,663,665,654
1278,661,672,678,674,662,667,665,663,665,654
1279,661,672,678,674,662,667,665,663,665,654
1280,661,672,678,674,662,667,665,663,665,654
1281,661,672,678,673,662,667,665,663,665,654
1282,661,672,678,673,662,667,665,663,665,654
1283,661,672,678,673,656,667,665,663,665,654
1284,661,672,678,673,656,667,665,663,665,654
1285,661,672,678,673,656,667,665,663,665,654
1286,661,672,678,673,656,667,665,663,665,654
1287,661,672,678,673,656,667,665,663,665,654
1288,661,672,678,673,656,667,665,663,665,654
1289,661,672,678,673,656,667,665,663,665,654
1290,661,672,678,673,656,667,665,663,665,654
1291,661,672,678,673,656,667,665,663,665,654
1292,661,672,678,673,656,667,665,663,665,654
1293,661,670,678,673,656,667,665,663,665,654
1294,661,670,678,673,656,667,665,663,665,654
1295,661,670,678,673,656,667,665,663,665,654
1296,661,670,678,673,656,667,665,663,665,654
1297,661,670,678,673,656,667,665,663,665,654
1298,661,670,678,673,656,667,665,663,665,654
1299,661,670,678,673,656,667,665,663,665,654
1300,661,670,678,673,656,667,665,663,665,654
1301,661,670,678,673,656,667,665,663,661,650
1302,661,670,678,673,656,667,665,663,661,650
1303,661,670,678,673,656,667,665,663,661,650
1304,661,670,678,673,656,667,665,663,661,650
1305,661,670,678,673,656,667,665,663,661,650
1306,661,670,678,673,656,667,665,663,661,645
1307,661,670,678,673,656,667,665,663,661,645
1308,661,665,678,673,656,667,665,663,661,645
1309,661,665,678,673,656,667,665,663,661,645
1310,661,665,678,673,656,667,665,663,661,645
1311,661,665,678,673,656,667,665,663,661,645
1312,661,665,678,673,656,667,665,663,661,645
1313,661,664,678,673,656,667,665,663,661,645
1314,661,664,678,673,656,667,665,663,661,645
1315,661,664,678,673,656,667,665,663,661,645
1316,661,664,678,673,656,667,665,663,661,645
1317,661,664,678,673,656,667,665,663,661,645
1318,661,664,678,673,656,667,665,663,661,645
1319,661,664,677,673,656,667,665,663,661,645
1320,661,664,677,673,656,667,665,663,661,645
1321,661,664,677,673,656,667,665,663,661,645
1322,661,664,677,673,656,667,665,663,661,645
1323,661,664,677,673,656,667,665,663,661,645
1324,661,664,677,673,656,667,665,663,661,645
1325,661,664,677,673,656,667,665,663,661,645
1326,661,664,677,673,656,667,665,663,661,645
1327,661,664,677,673,656,667,665,663,661,645
1328,661,664,677,673,656,667,665,663,661,645
1329,661,664,677,673,656,667,665,663,661,645
1330,661,664,677,673,656,667,665,663,661,645
1331,661,664,677,673,656,667,665,663,661,645
1332,661,664,677,673,656,667,665,663,661,645
1333,661,664,677,673,656,667,665,661,661,645
1334,661,664,672,673,656,667,665,661,661,645
1335,661,664,672,673,656,667,665,661,661,645
1336,661,664,672,673,656,667,665,661,661,645
1337,661,664,672,673,656,667,665,661,661,645
1338,661,664,672,673,656,667,665,661,661,645
1339,661,664,672,673,656,667,665,661,661,645
1340,661,664,672,673,656,667,665,661,661,645
1341,661,664,672,673,656,667,665,661,661,645
1342,661,664,672,673,656,667,665,661,661,645
1343,661,664,672,673,656,667,665,661,661,645
1344,661,664,672,673,656,667,665,661,661,645
1345,661,664,672,673,656,667,665,661,661,645
1346,661,664,672,673,656,667,665,661,661,645
1347,661,664,672,673,656,667,665,661,661,645
1348,661,664,672,673,656,667,665,661,661,645
1349,661,664,672,673,656,667,665,661,661,645
1350,661,664,672,673,656,667,663,661,661,645
1351,661,664,672,673,656,667,663,661,661,645
1352,661,664,672,673,654,667,663,661,661,645
1353,661,664,667,673,654,667,663,661,661,645
1354,661,664,667,673,654,667,663,661,661,645
1355,661,648,667,673,654,667,663,661,661,645
1356,661,648,667,673,654,667,663,661,661,645
1357,661,648,667,673,654,667,663,661,661,645
1358,661,648,667,673,654,667,663,661,661,645
1359,661,648,667,673,654,667,663,661,661,645
1360,661,648,667,673,654,667,663,661,661,645
1361,661,648,667,673,654,667,663,661,661,645
1362,661,648,667,673,654,667,663,661,661,645
1363,661,648,667,673,654,667,663,661,661,645
1364,661,648,667,673,654,667,663,661,661,645
1365,661,648,667,673,654,667,663,661,661,645
1366,661,648,667,673,654,667,663,661,661,645
1367,661,648,667,673,654,667,663,661,661,645
1368,661,648,667,673,654,667,663,661,661,645
1369,661,648,667,673,654,667,663,661,661,645
1370,661,648,667,670,654,667,663,661,661,645
1371,661,648,667,670,654,667,663,661,661,645
1372,661,648,667,670,654,667,663,661,661,645
1373,661,648,667,670,654,667,663,661,661,645
1374,661,648,667,670,654,667,663,661,661,645
1375,661,648,667,670,654,667,663,661,661,645
1376,661,648,667,670,654,667,663,661,661,645
1377,661,648,667,670,654,667,663,661,661,645
1378,661,648,667,670,654,667,663,661,661,645
1379,661,648,667,670,654,667,663,661,661,645
1380,661,648,667,670,654,667,663,661,661,645
1381,661,648,667,670,654,667,663,661,661,645
1382,661,648,667,670,654,667,663,661,661,645
1383,661,648,667,670,654,667,663,661,661,645
1384,661,648,667,670,654,667,663,661,661,645
1385,661,648,667,670,654,667,663,661,661,645
1386,661,648,667,670,654,667,663,661,661,645
1387,661,648,667,670,654,667,663,661,661,645
1388,661,648,667,670,654,667,663,661,661,645
1389,661,648,667,670,654,667,663,661,661,645
1390,661,648,667,670,654,667,663,661,661,645
1391,661,648,667,670,654,667,663,661,661,645
1392,661,648,667,670,654,667,663,661,661,645
1393,661,648,667,670,654,667,662,661,661,645
1394,661,648,667,670,654,667,662,661,661,645
1395,661,648,667,670,654,667,662,661,661,645
1396,661,648,661,670,654,667,662,661,661,645
1397,661,648,661,670,654,667,662,661,661,645
1398,661,648,661,670,654,667,662,658,661,645
1399,661,648,661,670,654,667,662,658,661,645
1400,661,648,661,670,654,667,662,658,661,645
1401,661,648,661,670,654,667,662,658,661,645
1402,661,648,661,670,654,667,662,658,661,645
1403,661,648,661,670,654,665,662,658,661,645
1404,661,648,661,670,654,665,662,658,661,645
1405,661,648,661,670,654,665,662,658,661,645
1406,661,648,661,670,654,665,662,658,661,645
1407,661,648,656,670,654,665,662,658,661,645
1408,661,648,656,670,654,665,662,658,661,645
1409,661,648,656,670,654,665,662,658,661,645
1410,661,648,656,670,654,665,662,658,661,645
1411,661,648,655,670,654,665,662,658,661,645
1412,661,648,655,670,654,665,662,658,661,645
1413,661,648,655,670,654,665,662,658,661,645
1414,661,648,655,670,654,665,662,658,661,645
1415,661,648,655,670,654,665,662,658,661,645
1416,661,648,655,670,654,665,662,658,661,645
1417,661,648,655,670,654,665,662,658,661,645
1418,661,648,655,670,654,665,662,658,661,645
1419,661,648,655,670,654,665,662,658,661,645
1420,661,648,655,670,654,665,662,658,661,645
1421,661,648,655,670,654,665,662,658,661,645
1422,661,648,655,670,654,665,662,658,661,645
1423,661,648,655,670,654,665,662,658,661,645
1424,661,648,655,670,654,665,662,658,661,645
1425,661,648,655,670,654,665,662,658,656,645
1426,661,648,655,670,654,665,662,658,656,645
1427,661,648,655,670,654,665,662,658,656,645
1428,661,648,655,670,654,665,662,658,656,645
1429,661,648,655,670,654,665,662,658,656,645
1430,661,648,655,670,654,665,662,658,656,645
1431,661,648,655,670,654,665,662,658,656,645
1432,661,648,655,670,654,665,662,658,656,645
1433,661,648,655,670,654,665,662,658,656,645
1434,661,648,655,670,654,665,662,654,656,645
1435,661,648,655,670,654,665,662,654,656,645
1436,661,648,655,670,654,665,662,654,656,645
1437,661,648,655,670,654,665,662,654,656,645
1438,661,648,655,670,654,665,662,654,652,645
1439,661,648,655,670,654,665,662,654,652,645
1440,661,648,655,670,654,665,662,654,652,645
1441,661,648,655,670,654,665,662,654,652,645
1442,661,648,655,670,654,665,662,654,652,645
1443,661,648,655,670,654,665,662,654,652,645
1444,661,648,655,670,654,665,662,654,652,645
1445,661,648,655,670,654,665,662,654,652,645
1446,661,648,655,670,654,665,662,654,652,645
1447,661,648,655,670,654,665,662,654,652,645
1448,661,648,655,670,654,665,662,654,652,645
1449,661,648,655,670,654,665,662,654,652,645
1450,661,648,655,670,654,665,662,654,652,645
1451,661,648,655,670,654,665,662,654,652,645
1452,661,648,655,670,652,665,662,654,652,645
1453,661,648,655,670,652,665,662,654,652,645
1454,661,648,655,670,652,665,662,654,652,645
1455,661,648,655,670,652,665,662,654,652,645
1456,661,648,655,668,652,665,662,654,652,645
1457,661,648,655,668,652,665,662,654,652,645
1458,661,648,655,668,652,665,662,654,652,645
1459,655,648,655,668,652,665,662,654,652,645
1460,655,648,655,668,652,665,662,654,652,645
1461,655,648,655,668,652,665,662,654,652,645
1462,655,648,655,668,652,665,662,654,652,645
1463,655,648,655,668,652,665,662,654,652,645
1464,655,648,655,668,652,665,662,654,652,645
1465,655,648,655,668,652,665,662,654,652,645
1466,655,648,655,668,652,665,662,654,652,645
1467,655,648,655,668,652,665,662,654,652,645
1468,655,648,655,668,652,665,662,650,652,645
1469,655,648,655,668,652,665,662,650,652,645
1470,655,648,655,668,652,665,662,650,652,645
1471,655,648,655,668,652,665,662,650,652,645
1472,655,648,655,668,652,665,662,650,652,645
1473,655,646,655,668,652,665,662,650,652,645
1474,655,646,655,668,652,665,662,650,652,645
1475,655,646,655,668,652,665,662,650,652,645
1476,655,646,655,666,652,665,662,650,652,645
1477,655,646,655,666,652,665,662,650,652,645
1478,655,646,655,666,652,665,662,650,652,645
1479,655,646,655,666,652,665,662,650,652,645
1480,655,646,655,666,652,665,662,650,652,645
1481,655,646,655,666,652,665,662,650,652,645
1482,655,646,655,666,652,665,662,650,652,645
1483,655,646,655,666,652,665,662,650,652,645
1484,655,646,655,666,652,665,661,650,652,645
1485,655,646,655,666,652,665,661,650,652,645
1486,655,646,655,666,652,665,661,650,652,645
1487,655,646,655,666,652,665,661,650,652,645
1488,655,646,655,666,652,665,661,650,652,645
1489,655,646,655,666,652,665,661,650,652,645
1490,655,646,655,666,652,665,661,650,652,645
1491,655,646,655,666,652,665,661,650,652,645
1492,655,646,655,666,652,663,661,650,652,645
1493,655,646,655,666,652,663,661,650,652,645
1494,655,646,655,666,652,663,661,650,652,645
1495,655,646,655,666,652,663,661,650,652,645
1496,655,646,655,666,652,663,661,650,652,645
1497,655,646,655,666,652,663,661,650,652,645
1498,655,646,655,666,652,663,661,650,652,645
1499,655,646,655,666,652,663,661,650,652,645
1500,655,646,655,666,652,663,661,650,652,645
1501,655,646,655,666,652,663,661,646,652,645
1502,655,646,653,666,652,663,661,646,652,645
1503,655,646,653,666,652,663,661,646,652,645
1504,649,646,653,666,652,663,661,646,652,645
1505,649,646,653,666,652,663,660,646,652,641
1506,649,646,653,666,652,663,660,646,652,641
1507,649,646,653,666,652,663,660,646,652,641
1508,649,646,653,666,652,663,660,646,652,641
1509,649,646,653,666,652,663,660,646,652,641
1510,649,646,653,666,652,663,659,646,652,641
1511,649,646,653,666,652,663,659,646,652,641
1512,649,646,653,666,652,663,659,646,652,641
1513,649,646,653,666,652,663,659,646,652,641
1514,649,646,653,666,652,663,659,646,652,641
1515,649,646,653,666,652,663,659,646,652,641
1516,649,646,653,666,652,663,659,646,652,641
1517,649,646,653,666,652,663,659,646,652,641
1518,649,646,653,666,652,661,659,646,652,641
1519,649,646,653,666,652,661,659,646,652,641
1520,649,646,653,666,652,661,659,646,652,641
1521,649,646,653,666,652,661,659,646,652,641
1522,649,646,653,666,652,661,659,646,652,641
1523,649,646,653,666,652,661,659,646,652,641
1524,649,646,653,666,652,661,659,646,652,641
1525,649,646,653,666,652,661,659,646,652,641
1526,649,646,653,666,652,661,656,646,652,641
1527,649,646,653,666,652,661,651,646,652,641
1528,649,646,653,666,652,661,651,646,652,641
1529,649,646,653,664,652,661,651,646,652,641
1530,649,646,653,664,652,661,651,646,652,641
1531,649,646,653,664,652,661,651,646,652,641
1532,649,646,653,664,652,661,651,646,652,641
1533,649,646,653,664,652,661,651,646,652,641
1534,649,646,653,664,652,661,651,646,652,641
1535,649,646,653,664,652,661,651,646,652,641
1536,649,646,653,664,652,661,651,646,652,641
1537,649,646,653,664,652,661,651,646,652,641
1538,649,646,653,664,652,661,651,646,652,641
1539,649,646,653,664,652,661,651,646,652,641
1540,649,646,653,664,652,661,651,646,652,641
1541,649,646,653,664,652,661,651,646,652,641
1542,649,646,653,664,652,661,651,646,652,641
1543,649,646,653,664,652,661,651,646,652,641
1544,649,646,653,664,652,661,651,646,652,641
1545,649,646,653,664,652,661,651,646,652,641
1546,649,646,653,664,652,661,651,646,652,641
1547,649,646,653,664,652,661,651,646,652,641
1548,649,646,653,664,652,661,651,646,652,641
1549,649,646,650,664,652,661,651,646,652,641
1550,649,646,650,663,652,661,651,646,652,641
1551,649,646,650,663,652,661,651,646,652,641
1552,649,646,650,663,652,661,650,646,652,641
1553,649,646,650,663,652,661,650,646,652,641
1554,649,646,650,663,652,661,650,646,650,641
1555,649,646,650,663,652,661,650,646,650,641
1556,649,646,650,663,652,661,650,646,650,641
1557,649,646,650,663,652,661,650,646,650,641
1558,649,646,650,663,652,661,650,646,650,635
1559,649,646,650,663,652,661,650,646,650,635
1560,649,646,650,663,652,661,650,646,650,635
1561,649,646,650,663,652,655,650,646,650,635
1562,649,646,650,663,652,655,650,646,650,635
1563,649,646,650,663,652,655,650,646,650,635
1564,649,646,650,663,652,655,650,646,650,635
1565,649,646,650,663,652,655,650,646,650,635
1566,649,646,650,663,652,655,650,646,650,635
1567,649,646,650,663,652,655,650,646,650,635
1568,649,646,650,663,652,655,650,646,650,635
1569,649,646,650,663,652,655,650,646,648,635
1570,649,646,650,654,652,655,650,646,648,635
1571,649,646,650,654,652,655,650,646,648,635
1572,649,646,650,654,652,655,650,646,648,635
1573,649,646,650,654,652,655,650,646,648,635
1574,649,646,650,654,652,655,650,646,648,635
1575,649,646,650,654,652,655,650,646,648,635
1576,649,646,650,654,652,655,650,646,648,635
1577,649,646,650,654,652,655,650,646,648,635
1578,649,646,650,654,652,655,650,646,648,635
1579,649,646,650,654,652,655,650,646,648,635
1580,649,646,650,654,652,655,650,646,648,635
1581,649,646,650,654,652,655,650,646,648,635
1582,649,646,650,654,652,655,650,646,648,635
1583,649,646,650,654,652,655,650,646,648,635
1584,649,646,650,654,652,655,650,646,648,635
1585,649,646,650,654,652,655,650,646,648,635
1586,649,646,650,654,652,655,650,646,648,635
1587,649,646,650,654,652,655,650,646,648,635
1588,649,646,650,654,652,655,650,646,648,635
1589,649,646,650,654,652,655,650,646,648,635
1590,649,646,650,654,652,655,650,646,648,635
1591,649,646,650,654,652,655,650,646,648,635
1592,649,646,650,654,647,655,650,646,648,635
1593,649,646,650,654,647,655,650,646,648,635
1594,649,646,650,654,647,655,650,646,648,635
1595,649,646,650,654,647,655,650,646,648,635
1596,649,646,650,654,647,655,650,646,648,635
1597,649,646,648,654,647,655,650,646,648,635
1598,649,646,648,654,647,655,650,646,648,635
1599,649,646,648,654,647,655,650,646,648,635
1600,649,646,648,654,647,655,650,646,648,635
1601,649,646,648,654,647,655,650,646,648,635
1602,649,646,648,654,647,655,650,646,648,635
1603,649,646,648,654,647,655,650,646,648,635
1604,649,646,648,654,647,655,650,646,648,635
1605,649,646,648,654,647,655,650,646,648,635
1606,649,646,648,654,647,655,650,646,648,635
1607,649,646,648,654,647,655,650,646,648,635
1608,649,646,648,654,647,655,650,646,648,635
1609,649,646,648,654,647,655,650,646,648,635
1610,649,646,648,654,647,655,650,646,648,635
1611,649,646,648,654,647,655,650,646,648,635
1612,649,646,648,654,647,655,650,646,648,635
1613,649,646,648,654,647,655,650,646,648,635
1614,649,646,648,654,647,655,650,646,648,635
1615,649,646,648,654,647,655,650,646,648,635
1616,649,646,648,654,647,655,650,646,648,635
1617,649,646,648,654,647,655,650,646,648,635
1618,649,646,648,654,647,655,650,646,648,635
1619,649,646,648,654,647,655,650,646,648,635
1620,649,646,648,654,647,655,650,646,648,635
1621,649,646,648,654,647,655,650,646,648,635
1622,649,646,648,654,647,655,650,646,648,635
1623,649,641,648,654,647,655,650,646,648,635
1624,649,641,648,654,647,655,650,646,648,635
1625,649,641,648,654,647,655,650,646,648,635
1626,649,641,648,654,647,655,650,646,648,635
1627,649,641,648,654,647,655,650,646,648,635
1628,649,641,648,654,647,655,650,646,648,635
1629,649,641,648,654,647,655,650,646,648,635
1630,649,641,648,654,647,655,650,646,648,635
1631,649,641,648,654,647,655,650,646,648,635
1632,649,641,648,654,647,655,650,646,648,635
1633,649,641,648,654,647,655,650,646,648,635
1634,649,641,648,654,647,655,650,646,648,635
1635,649,641,648,654,647,655,650,646,648,635
1636,649,641,648,654,647,655,650,646,648,635
1637,649,641,648,654,647,655,650,646,648,635
1638,649,641,648,654,647,655,650,646,648,635
1639,649,641,648,654,647,655,650,646,648,635
1640,648,641,648,654,647,655,650,646,648,635
1641,648,641,648,654,647,655,650,646,648,635
1642,648,641,648,654,647,655,650,646,648,635
1643,648,641,648,654,647,655,650,646,648,635
1644,648,641,648,654,647,655,650,646,648,635
1645,648,641,648,654,647,654,648,646,648,635
1646,648,641,643,654,647,654,648,646,648,635
1647,648,641,643,654,647,654,648,646,648,635
1648,648,641,643,654,647,654,648,646,648,635
1649,648,641,643,654,647,654,648,646,648,635
1650,648,641,643,654,647,654,648,646,648,635
1651,648,641,643,654,647,654,648,646,648,635
1652,648,641,643,654,647,654,648,646,648,635
1653,648,641,643,654,647,654,648,646,648,635
1654,648,641,643,654,647,654,648,646,648,635
1655,648,641,643,654,647,654,648,646,648,635
1656,648,641,643,654,647,654,648,646,648,635
1657,648,641,643,654,647,654,648,646,648,635
1658,648,641,643,654,647,654,648,646,648,635
1659,648,641,643,654,647,654,648,646,648,635
1660,648,641,643,654,647,654,648,646,648,635
1661,646,641,643,654,647,654,648,646,648,635
1662,646,641,643,654,647,654,648,646,648,635
1663,646,641,643,654,647,654,648,646,648,635
1664,646,641,643,654,647,654,648,646,648,635
1665,646,641,643,654,647,654,648,646,648,635
1666,646,641,643,654,647,654,648,646,648,635
1667,646,641,643,654,647,654,648,646,648,635
1668,646,641,643,654,647,654,648,646,648,635
1669,646,641,643,654,644,654,648,646,648,635
1670,646,641,643,654,644,654,648,646,648,635
1671,646,641,643,654,644,654,648,646,648,635
1672,646,641,643,654,644,654,648,646,648,635
1673,646,641,643,654,644,654,648,646,648,635
1674,646,641,643,654,644,654,648,646,648,635
1675,646,641,643,654,644,654,648,646,648,635
1676,646,641,643,654,644,654,648,646,648,635
1677,646,641,643,654,644,654,648,646,648,635
1678,646,641,643,654,644,654,648,646,648,635
1679,644,641,643,654,644,654,648,646,648,635
1680,644,641,643,654,644,654,648,646,648,635
1681,644,641,643,654,644,654,648,646,648,635
1682,644,641,643,654,644,654,648,646,648,635
1683,644,641,643,654,644,654,648,646,648,635
1684,644,641,643,654,644,654,648,646,648,635
1685,644,641,643,654,644,654,648,646,648,635
1686,644,641,643,654,644,654,648,646,648,635
1687,644,641,643,654,644,654,648,646,648,635
1688,644,641,643,654,644,654,648,646,648,635
1689,644,641,643,654,644,654,648,646,648,635
1690,644,641,643,654,644,654,648,646,648,635
1691,644,641,643,654,644,654,648,646,648,635
1692,644,641,643,654,644,654,648,646,648,635
1693,644,641,643,654,644,654,648,646,648,635
1694,644,641,643,654,644,654,648,646,648,635
1695,644,641,643,654,644,654,648,646,648,635
1696,644,641,643,654,644,654,648,646,648,632
1697,644,641,643,654,644,654,648,646,644,632
1698,644,641,643,654,644,654,648,646,644,632
1699,644,641,643,654,644,654,648,646,644,632
1700,644,641,643,654,644,654,648,646,644,632
1701,644,641,643,654,644,654,648,646,644,632
1702,644,641,643,654,644,654,648,646,644,632
1703,644,641,643,654,644,654,648,646,644,632
1704,644,641,643,654,644,654,648,646,644,632
1705,644,641,643,654,644,654,648,646,644,632
1706,644,641,643,654,644,654,648,646,644,632
1707,644,641,643,654,644,654,648,646,644,632
1708,644,641,643,654,644,654,648,646,644,632
1709,644,641,643,654,644,654,648,646,644,632
1710,644,641,643,654,644,654,648,646,644,632
1711,644,641,643,654,644,654,648,646,644,632
1712,644,641,643,654,644,654,648,646,644,632
1713,644,641,643,654,644,654,648,646,644,632
1714,644,641,643,654,644,654,648,646,644,632
1715,644,641,643,654,644,654,648,646,644,632
1716,644,641,643,654,644,654,648,646,644,632
1717,644,641,643,654,644,654,648,646,644,632
1718,644,641,643,654,644,654,648,646,644,632
1719,644,641,643,654,644,654,648,646,644,632
1720,644,641,643,654,644,654,648,646,644,632
1721,644,641,643,654,644,654,648,646,644,632
1722,644,641,643,654,644,654,648,646,644,632
1723,644,641,643,654,644,654,648,646,644,632
1724,644,641,643,654,644,654,648,646,644,632
1725,644,641,643,654,644,654,648,646,644,632
1726,644,637,643,654,644,654,648,646,644,632
1727,644,637,643,654,644,654,648,646,644,632
1728,644,637,643,654,644,654,648,646,644,632
1729,644,637,643,654,644,654,648,646,644,632
1730,644,637,643,654,644,654,648,646,644,632
1731,644,637,643,654,644,654,648,646,644,632
1732,644,637,643,654,644,654,648,646,644,632
1733,644,637,643,651,644,654,648,646,644,632
1734,644,637,643,651,644,654,648,646,644,632
1735,644,637,643,651,644,654,648,646,644,632
1736,644,637,643,651,644,654,648,646,644,632
1737,644,637,643,651,644,654,648,646,644,632
1738,644,637,643,651,644,654,648,646,644,632
1739,644,637,643,651,644,654,648,646,644,632
1740,644,637,643,651,644,654,648,646,644,632
1741,644,637,643,651,644,654,648,646,644,632
1742,644,637,643,651,644,654,648,646,644,632
1743,644,637,643,651,644,654,648,646,644,632
1744,644,637,643,651,644,654,648,646,644,632
1745,644,637,643,651,644,654,648,646,644,632
1746,644,637,643,651,644,654,648,646,644,632
1747,644,637,643,651,644,654,648,646,644,632
1748,644,637,643,651,644,654,648,646,644,632
1749,644,637,643,651,644,654,648,646,644,632
1750,644,637,643,651,644,654,648,646,644,632
1751,644,637,643,651,644,654,648,646,644,632
1752,644,637,643,651,644,654,648,646,644,632
1753,644,637,643,651,644,654,648,646,644,632
1754,644,637,643,651,644,654,648,646,644,632
1755,644,637,643,651,644,654,648,646,644,632
1756,644,637,643,651,644,654,648,646,644,632
1757,644,637,643,651,644,654,648,646,644,632
1758,644,637,643,651,644,654,648,646,644,632
1759,644,637,643,651,644,654,648,646,644,632
1760,644,637,643,651,644,654,648,646,644,632
1761,644,637,643,651,644,654,648,646,644,632
1762,644,637,643,651,644,654,648,646,644,632
1763,644,637,643,651,644,654,648,646,644,632
1764,638,637,643,651,644,654,648,646,644,632
1765,638,637,643,651,644,654,648,644,644,632
1766,638,637,643,651,644,654,648,644,644,632
1767,638,637,643,651,644,654,648,644,644,632
1768,638,637,643,649,644,654,648,644,644,632
1769,638,637,643,649,644,654,648,644,644,632
1770,638,637,643,649,644,654,648,644,644,632
1771,638,637,643,649,644,654,648,644,644,632
1772,638,637,643,649,644,654,648,644,644,632
1773,638,637,643,649,644,654,648,644,644,632
1774,638,637,643,649,644,653,648,644,644,632
1775,638,637,643,649,644,653,648,644,644,632
1776,638,637,643,649,644,653,648,644,644,632
1777,638,637,643,649,644,653,648,644,644,632
1778,638,637,643,649,644,649,648,644,644,632
1779,638,637,643,649,644,649,648,644,644,632
1780,638,637,643,649,644,649,648,644,644,632
1781,638,637,643,649,644,649,648,644,644,632
1782,638,637,643,649,644,649,648,644,644,632
1783,638,637,643,649,644,649,648,644,644,632
1784,638,637,643,649,644,649,648,644,644,632
1785,638,637,643,649,644,649,648,644,644,632
1786,638,637,643,649,644,649,648,644,644,632
1787,638,637,643,649,644,649,648,644,644,632
1788,638,637,643,649,644,649,648,644,644,632
1789,638,637,643,649,644,649,648,644,644,632
1790,638,637,643,649,644,649,648,644,644,628
1791,638,637,643,649,644,649,648,644,644,628
1792,638,637,643,649,644,649,648,644,644,628
1793,638,637,643,649,644,649,648,644,644,628
1794,638,637,643,649,644,649,648,644,644,628
1795,638,637,643,649,644,649,648,644,644,628
1796,638,637,643,649,644,649,648,644,644,628
1797,638,637,643,649,644,649,648,644,644,628
1798,638,637,643,649,644,649,648,644,644,628
1799,638,637,643,649,644,649,648,644,644,628
1800,638,637,643,649,644,649,648,644,644,628
1801,638,637,643,649,644,649,648,644,644,628
1802,638,637,643,649,644,649,648,644,644,628
1803,638,637,643,649,644,649,648,644,644,628
1804,638,637,643,649,644,649,648,644,644,628
1805,638,637,643,649,644,649,648,644,644,628
1806,638,637,643,649,644,649,648,644,644,628
1807,638,637,643,649,644,649,648,644,644,628
1808,638,637,643,644,644,649,648,644,644,628
1809,638,637,643,644,644,649,648,644,644,628
1810,638,637,643,644,644,649,648,644,644,628
1811,638,637,643,644,644,649,648,644,644,628
1812,638,637,643,644,644,649,648,644,644,628
1813,638,637,643,644,644,649,648,644,644,628
1814,638,637,643,644,644,649,648,644,644,628
1815,638,637,643,644,644,646,648,644,644,628
1816,638,637,643,644,644,646,648,644,644,628
1817,638,637,643,644,644,646,648,644,644,628
1818,638,637,643,644,644,646,648,644,644,628
1819,638,637,643,644,644,646,648,644,644,628
1820,638,637,643,644,644,646,648,644,644,628
1821,638,637,643,644,644,646,648,644,644,628
1822,638,637,643,644,644,646,648,644,644,628
1823,638,637,643,644,644,646,648,644,644,628
1824,638,637,643,644,644,646,648,644,644,628
1825,638,637,643,644,644,646,648,644,644,628
1826,638,637,643,644,644,646,648,644,644,628
1827,638,637,643,644,644,646,648,644,644,628
1828,638,637,643,644,644,646,648,644,644,628
1829,638,637,643,644,644,646,648,644,644,628
1830,638,637,643,644,644,646,648,644,644,628
1831,638,637,643,644,644,646,648,644,644,628
1832,638,637,643,644,644,646,648,644,644,628
1833,638,636,643,644,644,646,648,644,644,628
1834,638,636,643,644,644,645,648,644,644,628
1835,638,636,643,644,644,645,648,644,644,628
1836,638,636,643,644,644,645,648,644,644,628
1837,638,636,643,644,644,645,648,644,644,628
1838,638,636,641,644,644,645,648,644,644,628
1839,638,636,641,644,644,645,648,644,644,628
1840,638,636,641,644,644,645,648,644,644,628
1841,638,636,641,644,644,645,648,644,644,628
1842,638,636,641,644,644,645,648,644,644,628
1843,638,636,641,644,644,645,648,644,644,628
1844,638,636,641,644,644,645,648,644,644,628
1845,638,636,641,644,644,645,648,644,644,628
1846,638,636,641,644,644,644,648,644,644,628
1847,638,636,641,644,644,644,648,644,644,628
1848,638,636,641,644,644,644,648,644,644,628
1849,638,636,641,644,644,644,648,644,644,628
1850,638,636,641,644,643,644,648,644,644,628
1851,638,636,641,644,643,644,648,644,644,628
1852,638,636,641,644,643,644,648,644,644,628
1853,638,636,641,644,643,644,648,644,644,628
1854,638,636,641,644,643,644,648,644,644,628
1855,638,636,641,644,643,644,648,644,644,628
1856,638,636,641,644,642,644,648,644,644,628
1857,638,636,641,644,642,644,648,644,644,628
1858,638,636,641,644,642,644,648,644,644,628
1859,638,636,641,644,642,644,648,644,644,628
1860,638,636,641,644,642,644,648,644,644,628
1861,638,636,641,644,642,644,648,644,637,628
1862,638,636,641,644,642,644,648,644,637,628
1863,638,636,641,644,642,644,648,644,637,628
1864,638,636,641,644,642,644,648,644,637,628
1865,638,636,641,644,642,644,648,644,637,628
1866,638,636,641,644,642,644,648,644,637,628
1867,638,636,641,644,642,644,648,644,637,628
1868,638,636,641,644,642,644,648,644,637,628
1869,638,636,641,644,642,644,648,644,637,628
1870,638,636,641,644,642,644,648,644,637,628
1871,638,635,641,644,642,644,648,644,637,628
1872,638,635,641,644,642,644,648,644,637,628
1873,638,635,641,644,642,644,648,644,637,628
1874,638,635,641,644,642,644,648,644,637,628
1875,638,635,641,644,642,644,648,644,637,628
1876,638,635,641,644,642,644,648,644,637,628
1877,638,635,641,644,642,644,648,644,637,628
1878,638,635,641,644,642,644,648,644,637,628
1879,638,635,641,644,642,644,648,644,637,628
1880,638,635,641,644,642,644,648,644,637,628
1881,638,635,641,644,642,644,648,632,637,628
1882,638,635,641,644,642,644,648,632,637,628
1883,638,635,641,644,642,644,648,632,637,628
1884,638,635,641,644,642,644,648,632,637,628
1885,638,635,641,644,642,644,648,632,637,628
1886,638,635,641,644,642,644,648,632,637,628
1887,638,635,641,644,642,644,648,632,637,628
1888,638,635,641,644,642,644,648,632,637,628
1889,638,635,641,644,642,644,648,632,637,628
1890,638,635,641,644,642,642,648,632,637,628
1891,638,635,641,644,642,642,648,632,637,628
1892,638,635,641,644,642,642,648,632,637,628
1893,638,635,641,644,642,642,648,632,637,628
1894,638,635,641,644,642,642,648,632,637,628
1895,638,635,641,644,642,642,648,632,637,628
1896,638,635,641,644,642,642,648,632,637,628
1897,638,635,636,644,642,642,648,632,637,628
1898,638,635,636,644,642,642,648,632,637,628
1899,638,635,636,644,642,642,648,632,637,628
1900,638,635,636,644,642,642,648,632,637,628
1901,638,635,636,644,642,642,648,632,637,628
1902,638,635,633,644,642,642,648,632,637,628
1903,638,635,633,644,642,642,648,632,637,628
1904,638,635,633,644,642,642,648,632,637,628
1905,638,635,633,644,642,642,643,632,637,628
1906,638,635,633,644,642,642,643,632,637,628
1907,638,635,633,644,642,642,643,632,637,628
1908,638,634,633,644,642,642,643,632,634,628
1909,638,634,633,644,642,642,643,632,634,628
1910,638,634,633,644,642,642,643,632,634,628
1911,638,634,633,644,642,642,643,632,634,628
1912,638,634,633,644,642,642,643,632,634,628
1913,638,634,633,644,642,642,643,632,634,628
1914,638,634,633,644,642,642,643,632,634,628
1915,638,634,633,644,642,642,643,632,634,628
1916,638,634,633,644,642,642,643,632,634,628
1917,638,634,633,644,642,642,643,632,634,628
1918,638,634,633,644,642,642,643,632,634,628
1919,638,634,633,644,642,642,643,632,634,628
1920,638,634,633,644,642,642,643,632,634,628
1921,638,634,633,644,642,642,643,632,634,628
1922,638,634,633,644,642,642,643,632,634,628
1923,638,632,633,644,642,642,643,632,634,628
1924,638,632,633,644,642,642,643,632,634,628
1925,638,632,633,644,642,642,643,632,634,628
1926,638,632,633,644,642,642,643,632,634,628
1927,638,632,633,644,642,642,643,632,634,628
1928,638,632,633,644,642,642,643,632,634,628
1929,638,632,633,644,642,642,643,632,634,628
1930,638,632,633,644,642,642,643,632,634,628
1931,638,632,633,644,642,642,643,632,634,628
1932,638,632,633,644,642,642,643,632,634,628
1933,638,632,633,644,642,642,643,632,634,628
1934,638,632,633,644,642,642,643,632,634,628
1935,638,632,633,644,642,642,643,632,634,628
1936,638,632,633,644,642,642,643,632,634,628
1937,638,632,633,644,635,642,643,632,634,628
1938,638,632,633,644,635,642,643,632,634,628
1939,638,632,633,644,635,642,643,632,634,628
1940,638,632,633,644,635,642,643,632,634,628
1941,638,632,633,644,635,642,643,632,634,628
1942,638,632,633,644,635,642,643,632,634,628
1943,638,632,633,644,635,642,643,632,634,628
1944,638,632,633,644,635,642,643,632,634,628
1945,638,632,633,644,635,642,643,632,634,628
1946,638,632,633,643,635,642,643,632,634,628
1947,638,632,633,643,635,642,643,632,634,628
1948,638,632,633,643,635,642,643,632,634,628
1949,638,632,633,643,635,642,643,632,634,628
1950,638,632,633,643,635,642,643,632,634,628
1951,638,632,633,643,635,642,643,632,634,628
1952,638,632,633,643,635,642,643,632,634,628
1953,638,631,633,643,635,642,643,632,634,628
1954,638,631,633,643,635,642,643,632,634,628
1955,638,631,633,643,635,642,643,632,634,628
1956,638,631,633,643,635,642,643,632,634,628
1957,638,631,633,643,635,642,643,632,634,628
1958,638,631,633,643,635,642,643,632,634,628
1959,638,631,633,643,635,642,643,632,634,628
1960,638,631,633,643,635,642,643,632,634,628
1961,638,631,633,643,635,641,643,632,634,628
1962,638,631,633,643,635,641,643,632,634,628
1963,638,631,633,643,635,641,643,632,634,628
1964,638,631,633,643,635,641,643,632,634,628
1965,638,631,633,643,635,641,643,632,634,628
1966,638,631,633,643,635,641,643,632,634,628
1967,638,631,633,637,635,641,643,632,634,628
1968,638,631,633,637,635,641,643,632,634,628
1969,638,631,633,637,635,641,643,632,634,628
1970,638,631,633,637,635,641,643,632,634,628
1971,638,631,633,637,635,641,643,632,634,628
1972,638,631,633,637,635,641,643,632,634,628
1973,638,631,633,637,635,641,643,632,632,628
1974,638,631,633,637,635,641,643,632,632,628
1975,638,631,633,637,635,641,643,632,632,628
1976,638,631,633,637,635,641,643,632,632,628
1977,638,631,633,637,635,641,643,632,632,628
1978,638,631,633,637,635,641,643,632,628,628
1979,638,631,633,637,635,641,643,632,628,628
1980,638,631,633,637,635,641,643,632,617,628
1981,638,631,633,637,635,641,643,632,617,628
1982,638,631,633,637,635,641,643,632,617,628
1983,638,631,633,637,635,641,643,632,617,628
1984,638,631,633,637,635,641,643,632,617,628
1985,638,631,633,637,635,641,643,632,617,628
1986,638,631,633,637,635,641,643,632,617,627
1987,638,631,633,637,635,641,643,632,617,627
1988,638,631,633,637,635,641,643,632,617,627
1989,638,631,633,637,635,641,643,632,617,627
1990,638,631,633,637,635,641,643,632,617,627
1991,638,631,633,637,635,641,643,632,617,627
1992,638,631,633,637,635,641,643,632,617,627
1993,638,631,633,637,635,641,643,632,617,627
1994,638,631,633,637,635,641,643,632,617,627
1995,638,631,633,637,635,641,643,632,617,627
1996,638,631,633,637,635,641,643,632,617,627
1997,638,631,633,637,635,641,643,632,617,627
1998,638,631,633,637,635,641,643,632,617,627
1999,638,631,633,637,635,641,643,632,617,627
2000,638,631,633,637,635,641,643,632,617,627
2001,638,631,633,637,635,641,643,632,617,627
