iteration,quality_00,quality_01,quality_02,quality_03,quality_04
0,58451,58686,58182,59433,59579
1,57886,58254,58082,59433,59579
2,57886,58254,58082,59230,59507
3,57886,58254,58082,59230,59358
4,57886,58254,58082,59230,59358
5,57886,58254,57810,59230,59358
6,57886,58254,57810,59230,59358
7,57886,58254,57810,59230,58954
8,57832,58254,57810,59230,58954
9,57832,58254,57573,59076,58954
10,57832,58254,57573,59076,58954
11,57832,58254,57573,59076,58954
12,57832,58254,57573,58988,58954
13,57380,58149,57573,58988,58954
14,57380,58149,57573,58150,58954
15,57380,58149,57573,58150,58895
16,57380,57928,57573,58150,58483
17,57380,57928,57551,58150,58483
18,57380,57928,57551,58150,58483
19,57380,57928,57551,58150,58483
20,57380,57928,57551,58150,58483
21,57184,57928,57551,58150,58483
22,57184,57928,57551,58150,58483
23,57184,57928,57551,58150,58483
24,57184,57928,57551,58150,58241
25,57184,57928,57551,58150,58241
26,57184,57928,57551,58150,58241
27,57184,57928,57446,58150,58241
28,57184,57928,57446,58150,58241
29,57184,57928,57446,58150,58241
30,57184,57928,57446,58150,58241
31,57184,57928,57446,58150,58227
32,57184,57928,57446,58150,58227
33,57184,57928,57446,58150,58227
34,57184,57928,57446,58150,58227
35,57184,57928,57446,58150,58227
36,57184,57928,57446,58150,58227
37,57184,57928,57446,58150,58227
38,57184,57928,57446,58150,58227
39,57184,57928,57446,58150,58227
40,57184,57763,57446,58011,58227
41,56758,57763,57446,58011,58227
42,56758,57763,57446,58011,58227
43,56758,57633,57446,58011,58159
44,56758,57633,57446,58011,58159
45,56758,57633,57446,58011,58159
46,56758,57633,57446,57985,58159
47,56758,57633,57446,57985,58159
48,56758,57580,57446,57985,58159
49,56758,57580,57446,57985,58159
50,56758,57532,57446,57985,58159
51,56758,57532,57446,57985,58159
52,56758,57532,57446,57985,58159
53,56758,57532,57446,57985,58159
54,56758,57532,57446,57985,58159
55,56758,57532,57446,57985,58159
56,56758,57532,57446,57985,58159
57,56758,57532,57446,57985,58159
58,56758,57532,57446,57985,58159
59,56758,57532,57446,57985,58159
60,56758,57532,57374,57726,58159
61,56758,57532,57374,57726,58159
62,56758,57532,57374,57726,58159
63,56758,57532,57374,57726,58159
64,56758,57490,57374,57726,58159
65,56758,57490,57374,57726,58159
66,56758,57490,57374,57726,58159
67,56758,57490,57374,57726,58159
68,56758,57490,57374,57726,58159
69,56758,57490,57374,57726,58159
70,56758,57490,57374,57726,58159
71,56758,57490,57374,57726,58159
72,56758,57490,57176,57726,58134
73,56758,57490,57176,57726,58075
74,56758,57490,57176,57726,57841
75,56758,57490,57176,57726,57841
76,56758,57490,57176,57726,57841
77,56758,57490,57176,57726,57841
78,56758,57490,57176,57726,56987
79,56758,57490,57176,57726,56987
80,56758,57490,57176,57726,56987
81,56758,57490,57176,57726,56987
82,56758,57490,57176,57726,56987
83,56758,57490,57176,57726,56987
84,56642,57490,57176,57726,56987
85,56642,57490,57176,57682,56987
86,56642,57490,57176,57682,56987
87,56642,57490,57176,57682,56987
88,56642,57490,57176,57682,56987
89,56642,57490,57152,57004,56867
90,56642,57490,57152,57004,56867
91,56642,57272,57152,57004,56867
92,56642,57272,57152,57004,56867
93,56642,57272,57152,57004,56867
94,56642,57272,57152,57004,56867
95,56642,57272,57152,57004,56867
96,56642,57272,57152,57004,56867
97,56642,57272,57134,57004,56867
98,56642,57074,57134,57004,56867
99,56642,57074,57134,57004,56867
100,56642,57074,57042,57004,56867
101,56642,57074,57042,57004,56867
102,56642,57074,57042,57004,56867
103,56642,57074,57042,57004,56867
104,56642,57074,57042,57004,56867
105,56642,57074,57042,57004,56867
106,56642,57074,57042,57004,56867
107,56642,57074,57042,57004,56867
108,56642,57074,57042,57004,56867
109,56642,57074,57042,57004,56867
110,56642,57074,57042,57004,56867
111,56642,57074,57042,57004,56867
112,56642,57074,57042,57004,56867
113,56642,57074,57042,57004,56867
114,56642,57074,57042,57004,56867
115,56642,57074,57042,57004,56867
116,56642,57074,57042,57004,56867
117,56642,57074,57042,57004,56867
118,56642,57074,57042,57004,56867
119,56642,57074,57042,56805,56867
120,56642,57074,57042,56805,56867
121,56642,57074,57042,56805,56867
122,56642,57074,57042,56805,56867
123,56642,57074,57042,56805,56867
124,56642,57074,57042,56805,56867
125,56642,57074,57042,56805,56867
126,56642,57074,57042,56805,56867
127,56642,57074,57042,56805,56867
128,56642,57074,57042,56805,56867
129,56642,57074,56719,56805,56867
130,56642,57074,56719,56805,56867
131,56642,57074,56719,56805,56867
132,56642,57074,56719,56805,56642
133,56642,57074,56719,56805,56642
134,56642,57074,56719,56805,56642
135,56642,57074,56719,56805,56642
136,56520,57074,56719,56805,56642
137,56520,57074,56719,56805,56642
138,56520,57074,56719,56805,56642
139,56520,57074,56719,56805,56642
140,56520,57074,56719,56805,56578
141,56520,57074,56687,56805,56578
142,56520,57074,56687,56805,56578
143,56520,57074,56687,56805,56578
144,56520,57074,56687,56805,56578
145,56520,57074,56687,56805,56578
146,56520,57074,56687,56805,56578
147,56520,57074,56687,56805,56578
148,56488,56941,56562,56805,56578
149,56488,56941,56562,56805,56578
150,56488,56941,56562,56805,56578
151,56488,56941,56562,56805,56578
152,56488,56941,56562,56805,56578
153,56488,56941,56562,56805,56578
154,56488,56941,56562,56805,56578
155,56488,56941,56562,56805,56578
156,56488,56941,56562,56805,56578
157,56488,56941,56463,56805,56578
158,56488,56941,56463,56805,56578
159,56488,56941,56463,56805,56578
160,56488,56941,56463,56805,56578
161,56488,56941,56463,56805,56578
162,56488,56941,56463,56805,56578
163,56488,56941,56463,56805,56578
164,56488,56941,56463,56805,56439
165,56488,56941,56463,56805,56439
166,56488,56941,56463,56805,56439
167,56488,56941,56463,56805,56439
168,56488,56868,56463,56805,56439
169,56488,56868,56463,56805,56439
170,56488,56868,56463,56805,56439
171,56488,56868,56463,56805,56439
172,56488,56868,56463,56805,56439
173,56488,56868,56463,56805,56439
174,56488,56868,56463,56805,56439
175,56488,56868,56463,56805,56439
176,56488,56868,56463,56805,56439
177,56488,56868,56463,56805,56439
178,56488,56868,56463,56805,56439
179,56488,56868,56463,56805,56439
180,56488,56868,56463,56805,56439
181,56488,56868,56463,56805,56439
182,56488,56868,56463,56805,56439
183,56488,56868,56463,56805,56439
184,56488,56868,56463,56805,56439
185,56488,56868,56463,56805,56439
186,56488,56868,56463,56805,56439
187,56488,56868,56463,56805,56439
188,56488,56868,56463,56805,56439
189,56488,56868,56463,56805,56439
190,56488,56868,56463,56805,56439
191,56488,56868,56463,56805,56439
192,56488,56868,56463,56805,56439
193,56488,56868,56463,56805,56439
194,56488,56868,56463,56805,56439
195,56488,56868,56463,56333,56439
196,56488,56868,56463,56333,56439
197,56488,56868,56463,56333,56439
198,56488,56868,56463,56333,56439
199,56488,56868,56463,56333,56439
200,56488,56868,56463,56333,56439
201,56488,56868,56463,56333,56439
202,56488,56868,56463,56333,56329
203,56488,56868,56463,56333,56329
204,56488,56868,56463,56333,56329
205,56488,56868,56463,56333,56329
206,56488,56868,56463,56333,56329
207,56488,56868,56463,56333,56329
208,56327,56868,56463,56333,56329
209,56327,56868,56339,56333,56329
210,56327,56868,56339,56333,56329
211,56327,56868,56339,56333,56329
212,56327,56868,56339,56333,56329
213,56327,56868,56339,56333,56329
214,56327,56868,56339,56333,56329
215,56327,56868,56339,56333,56329
216,56327,56868,56339,56333,56329
217,56327,56868,56320,56333,56329
218,56327,56868,56320,56333,56329
219,56327,56868,56140,56333,56329
220,56327,56868,56140,56333,56329
221,56327,56868,56140,56333,56329
222,56327,56868,56140,56333,56329
223,56327,56868,56140,56333,56329
224,56327,56868,56140,56333,56329
225,56327,56868,56140,56333,56329
226,56327,56868,56140,56333,56329
227,56327,56749,56140,56333,56329
228,56327,56749,56140,56333,56329
229,56327,56749,56140,56333,56329
230,56327,56749,56140,56333,56329
231,56327,56749,56140,56333,56329
232,56226,56749,56140,56333,56329
233,56226,56749,56140,56333,56329
234,56226,56749,56140,56333,56329
235,56226,56749,56140,56333,56329
236,56226,56749,56140,56333,56329
237,56226,56749,56140,56333,56329
238,56226,56749,56140,56333,56329
239,56226,56749,56140,56333,56329
240,56226,56749,56140,56333,56329
241,56226,56749,56140,56333,56329
242,56226,56749,55937,56333,56329
243,56226,56749,55937,56333,56329
244,56226,56749,55937,56333,56329
245,56226,56749,55937,56333,56329
246,56226,56749,55937,56333,56329
247,56226,56749,55937,56333,56329
248,56226,56749,55937,56333,56329
249,56226,56749,55937,56333,56329
250,56226,56749,55937,56333,56329
251,56226,56749,55937,56333,56329
252,56226,56749,55937,56333,56329
253,56226,56749,55937,56333,56329
254,56226,56749,55937,56333,56329
255,56226,56749,55937,56333,56329
256,56226,56749,55937,56333,55638
257,56226,56749,55937,56333,55638
258,56226,56749,55937,56333,55638
259,56226,56749,55937,56333,55638
260,56226,56749,55937,56333,55638
261,56226,56749,55937,56094,55638
262,56226,56749,55937,56094,55638
263,56226,56749,55937,56094,55638
264,56226,55803,55937,56094,55638
265,56226,55803,55937,56094,55638
266,56226,55803,55937,56094,55638
267,56226,55803,55937,56094,55638
268,56226,55803,55937,56094,55638
269,56226,55803,55937,56094,55638
270,56226,55803,55937,56094,55638
271,56226,55803,55937,56094,55638
272,56226,55803,55937,56094,55638
273,56226,55803,55937,56094,55638
274,56226,55803,55937,56094,55638
275,56226,55803,55937,56094,55638
276,56226,55803,55937,56094,55638
277,56226,55803,55937,56094,55638
278,56226,55803,55937,55896,55638
279,56226,55803,55937,55896,55638
280,56226,55803,55937,55896,55638
281,56226,55803,55937,55896,55638
282,56226,55803,55937,55896,55638
283,56226,55803,55937,55896,55638
284,56226,55803,55937,55896,55638
285,56226,55632,55937,55896,55638
286,56226,55632,55937,55896,55638
287,56226,55632,55937,55896,55638
288,56226,55632,55937,55896,55638
289,56226,55632,55937,55896,55638
290,56226,55632,55937,55896,55638
291,56226,55632,55937,55896,55638
292,56226,55632,55937,55896,55638
293,56226,55632,55937,55896,55638
294,56226,55632,55937,55896,55638
295,56226,55632,55937,55896,55638
296,56226,55632,55937,55896,55638
297,56226,55632,55937,55896,55638
298,56226,55632,55937,55896,55638
299,56226,55632,55937,55896,55638
300,56226,55632,55937,55896,55638
301,56097,55632,55937,55896,55638
302,56097,55632,55937,55896,55638
303,56097,55632,55937,55896,55638
304,56097,55632,55937,55705,55638
305,56097,55632,55937,55705,55638
306,56097,55632,55937,55705,55638
307,56097,55632,55937,55705,55638
308,56097,55632,55937,55705,55638
309,56097,55632,55937,55705,55638
310,56097,55632,55937,55661,55638
311,56097,55632,55937,55661,55638
312,56097,55632,55937,55661,55638
313,56097,55632,55937,55661,55638
314,56097,55632,55937,55661,55638
315,56097,55632,55937,55661,55638
316,56097,55632,55937,55661,55638
317,56097,55632,55937,55661,55638
318,56097,55632,55937,55661,55638
319,56093,55632,55937,55661,55638
320,56093,55632,55937,55661,55638
321,56093,55632,55937,55661,55638
322,56093,55632,55937,55661,55638
323,56093,55632,55937,55661,55638
324,56093,55632,55937,55661,55638
325,56093,55632,55937,55644,55638
326,56093,55632,55937,55644,55316
327,56093,55632,55937,55644,55316
328,56003,55632,55937,55644,55316
329,56003,55632,55937,55644,55316
330,56003,55632,55937,55644,55316
331,56003,55632,55937,55644,55316
332,56003,55632,55937,55644,55316
333,56003,55632,55937,55644,55316
334,56003,55632,55937,55644,55316
335,56003,55632,55937,55644,55316
336,56003,55632,55937,55644,55316
337,56003,55632,55937,55644,55316
338,56003,55632,55937,55644,55316
339,56003,55632,55937,55644,55316
340,56003,55632,55937,55644,55316
341,56003,55632,55937,55644,55316
342,56003,55632,55937,55644,55316
343,56003,55632,55937,55644,55316
344,56003,55632,55937,55644,55316
345,56003,55632,55937,55644,55316
346,56003,55632,55937,55644,55316
347,56003,55632,55937,55644,55316
348,56003,55632,55937,55644,55316
349,56003,55632,55937,55644,55316
350,56003,55632,55937,55644,55316
351,56003,55632,55937,55644,55299
352,56003,55632,55937,55644,55299
353,56003,55632,55937,55644,55299
354,56003,55632,55937,55644,55299
355,56003,55632,55937,55644,55299
356,56003,55632,55937,55644,55208
357,56003,55632,55937,55644,55208
358,56003,55632,55937,55644,55208
359,55816,55614,55937,55644,55208
360,55816,55614,55937,55644,55208
361,55679,55614,55937,55644,55208
362,55638,55614,55937,55644,55208
363,55638,55614,55937,55644,55208
364,55638,55614,55937,55644,55208
365,55638,55614,55937,55644,55208
366,55638,55614,55937,55644,55208
367,55638,55614,55937,55644,55208
368,55638,55614,55937,55644,55208
369,55638,55614,55937,55644,55208
370,55638,55614,55937,55644,55208
371,55638,55614,55937,55644,55208
372,55638,55614,55496,55644,55208
373,55638,55614,55372,55644,55208
374,55638,55614,55372,55644,55208
375,55638,55614,55372,55644,55208
376,55638,55553,55372,55644,55208
377,55638,55553,55372,55644,55208
378,55638,55553,55372,55644,55208
379,55638,55553,55372,55644,55208
380,55638,55553,55372,55644,55208
381,55638,55553,55372,55644,55208
382,55638,55553,55372,55644,55208
383,55638,55553,55372,55644,55208
384,55638,55553,55372,55644,55208
385,55638,55553,55372,55644,55208
386,55638,55553,55372,55644,55208
387,55638,55553,55372,55644,55208
388,55638,55553,55200,55644,55208
389,55638,55553,55200,55644,55208
390,55558,55553,55200,55644,55208
391,55558,55553,54906,55644,55208
392,55558,55553,54906,55644,55208
393,55558,55553,54906,55644,55208
394,55558,55553,54906,55644,55208
395,55558,55553,54906,55644,55208
396,55168,55553,54906,55517,55208
397,55168,55553,54906,55517,55208
398,55168,55553,54906,55517,55208
399,55168,55553,54906,55517,55208
400,55168,55553,54906,55517,55208
401,55168,55553,54906,55517,55208
402,55168,55553,54906,55517,55208
403,55168,55553,54906,55517,55208
404,55168,55553,54906,55517,55208
405,55168,55553,54906,55517,55208
406,55168,55553,54906,55517,55208
407,55168,55553,54749,55517,55208
408,55168,55553,54749,55517,55208
409,55168,55553,54749,55517,55208
410,55168,55553,54749,55517,54973
411,55168,55553,54749,55517,54973
412,55168,55553,54749,55517,54973
413,55168,55553,54749,55517,54973
414,55168,55553,54749,55517,54973
415,55168,55553,54749,55517,54973
416,55168,55553,54749,55386,54973
417,55168,55495,54749,55386,54973
418,55168,55495,54749,55386,54973
419,55168,55495,54749,55386,54973
420,55168,55495,54749,55386,54973
421,55168,55495,54749,55386,54590
422,55168,55495,54749,55386,54590
423,55168,55495,54749,55386,54590
424,55168,55495,54749,55386,54590
425,55168,55495,54749,55386,54590
426,55141,55495,54635,55386,54590
427,55141,55495,54635,55386,54590
428,55141,55495,54635,55386,54590
429,55141,55495,54635,55386,54590
430,55141,55495,54635,55386,54590
431,55141,55495,54635,55386,54590
432,55141,55495,54635,55386,54590
433,55141,55495,54635,55386,54590
434,55141,55495,54635,55386,54590
435,55141,55495,54635,55386,54590
436,55141,55495,54635,55386,54590
437,55141,55495,54635,55386,54590
438,55141,55495,54635,55386,54590
439,55141,55495,54635,55386,54590
440,55141,55495,54635,55386,54590
441,55141,55495,54635,55386,54590
442,55141,55495,54635,55386,54590
443,55141,55495,54635,55386,54590
444,55141,55495,54635,55386,54590
445,55141,55495,54635,55386,54590
446,55141,55495,54635,55386,54590
447,55141,55495,54635,55386,54590
448,55141,55495,54635,55386,54590
449,55141,55495,54635,55386,54590
450,55141,55495,54635,55386,54590
451,55141,55495,54635,55386,54590
452,55141,55495,54635,55386,54590
453,55141,55495,54635,55386,54590
454,55141,55495,54635,55386,54590
455,55141,55495,54635,55386,54590
456,55141,55495,54635,55386,54590
457,55141,55495,54635,55386,54590
458,55141,55495,54635,55386,54590
459,55141,55495,54635,55386,54590
460,55141,55054,54635,55386,54590
461,55141,55054,54635,55386,54590
462,55141,55054,54635,55386,54590
463,55141,55054,54635,55386,54590
464,55141,55054,54474,55386,54590
465,55141,55054,54474,55386,54590
466,55141,55054,54474,55386,54590
467,55141,55054,54474,55386,54590
468,55141,55054,54474,55386,54590
469,55141,55054,54474,55386,54590
470,55141,55054,54474,55386,54590
471,55141,55054,54474,55386,54590
472,55141,55054,54474,55386,54590
473,55141,55054,54474,55386,54590
474,55141,55054,54474,55386,54590
475,55141,55054,54474,55386,54590
476,55141,55017,54474,55386,54590
477,55141,55017,54474,55386,54590
478,55141,55017,54474,55386,54590
479,55141,55017,54474,55386,54590
480,55141,55017,54474,55386,54590
481,55141,55017,54474,55386,54590
482,55141,55017,54474,55386,54590
483,55141,55017,54474,55386,54590
484,55141,55017,54474,55386,54590
485,55141,55017,54474,55386,54590
486,55141,55017,54474,55386,54590
487,55141,55017,54474,55386,54590
488,55141,55017,54474,55386,54590
489,55141,55017,54474,55386,54590
490,55141,55017,54474,55386,54590
491,55141,55017,54474,55306,54590
492,55141,55017,54474,55306,54590
493,55141,55017,54474,55306,54557
494,55141,55017,54474,55306,54557
495,55141,55017,54474,55306,54557
496,55141,55017,54474,55306,54557
497,55141,55017,54474,55306,54557
498,55141,55017,54474,55306,54557
499,55141,55017,54474,55306,54557
500,55141,55017,54474,55306,54557
501,55141,55017,54474,55306,54557
502,55141,55017,54474,55306,54557
503,55141,55017,54474,55306,54557
504,55141,55017,54474,55306,54557
505,55141,55017,54474,55306,54557
506,55141,55017,54474,55306,54557
507,55141,55017,54474,55306,54557
508,55141,55017,54324,55306,54557
509,55141,55017,54324,55306,54557
510,55141,55017,54324,55306,54557
511,55141,55017,54324,55306,54557
512,55141,55017,54324,55306,54557
513,55141,55017,54324,55306,54557
514,55141,55017,54324,55306,54371
515,55141,55017,54324,55306,54371
516,55141,55017,54324,55306,54371
517,55141,55017,54324,55306,54371
518,55141,55017,54324,55306,54371
519,55141,55017,54324,55306,54371
520,55141,55017,54324,55306,54371
521,55141,55017,54324,55306,54371
522,55141,55017,54324,55306,54371
523,55141,54989,54324,55306,54371
524,55141,54989,54324,55306,54371
525,55141,54989,54324,55306,54371
526,55141,54989,54324,55306,54371
527,55141,54989,54324,55306,54371
528,55141,54989,54324,55306,54371
529,55141,54989,54324,55306,54371
530,55141,54989,54324,55306,54371
531,55141,54989,54324,55306,54371
532,55141,54989,54324,55306,54371
533,55141,54989,54324,55306,54371
534,55141,54989,54324,55306,54371
535,55141,54989,54324,55306,54371
536,55141,54989,54324,55306,54371
537,55141,54989,54324,55306,54371
538,55141,54989,54251,55201,54371
539,55141,54989,54251,55201,54371
540,55141,54989,54251,55201,54371
541,55141,54989,54251,55201,54371
542,55141,54989,54251,55201,54371
543,55141,54989,54251,55201,54371
544,55141,54989,54251,55201,54371
545,55141,54989,54251,55201,54371
546,55141,54989,54251,55201,54371
547,55141,54989,54251,55201,54371
548,55141,54989,54251,55201,54371
549,55141,54989,54251,55201,54323
550,55141,54989,54251,55201,54323
551,55141,54989,54251,55201,54323
552,55141,54989,54251,55201,54323
553,55141,54989,54251,55045,54323
554,55141,54989,54251,55045,54323
555,55141,54989,54251,55045,54323
556,55141,54989,54251,55045,54323
557,55141,54989,54251,55045,54323
558,55141,54989,54251,55045,54323
559,55141,54989,54251,55045,54323
560,55141,54989,54251,55045,54323
561,55141,54989,54251,55045,54323
562,55141,54989,54251,55045,54323
563,55141,54989,54251,55045,54323
564,55141,54989,54251,55045,54323
565,55141,54989,54251,55045,54323
566,55141,54989,54251,55045,54323
567,55141,54989,54251,55045,54323
568,55141,54989,54251,55045,54323
569,55141,54989,54251,55034,54323
570,55141,54989,54251,55034,54323
571,55141,54989,54251,55034,54323
572,55141,54989,54251,55034,54323
573,55141,54989,54251,55034,54323
574,55141,54989,54251,55034,54323
575,55141,54989,54227,55034,54323
576,55141,54989,54227,55034,54323
577,55141,54989,54227,55034,54323
578,55141,54989,54227,55034,54323
579,55141,54989,54227,55034,54323
580,55141,54989,54227,55034,54323
581,55141,54989,54227,55032,54323
582,55141,54419,54227,55032,54323
583,55141,54419,54227,55032,54323
584,55141,54419,54227,55032,54323
585,55141,54419,54227,55032,54323
586,55141,54419,54227,55032,54323
587,55141,54419,54227,55032,54323
588,55141,54419,54227,55032,54323
589,55141,54419,54227,55032,54323
590,55141,54419,54227,55032,54323
591,55141,54419,54227,55032,54323
592,55141,54419,54227,55032,54323
593,55141,54419,54227,55032,54323
594,55141,54419,54210,55032,54323
595,55141,54419,54210,55032,54323
596,55141,54419,54210,55032,54323
597,55141,54419,54210,55032,54323
598,55141,54419,54210,55032,54323
599,55141,54419,54210,55032,54323
600,55141,54419,54210,55032,54323
601,55141,54419,54210,55032,54323
602,55122,54419,54210,55032,54323
603,55053,54419,54210,55032,54323
604,55053,54419,54210,55032,54323
605,55053,54419,54210,55032,54323
606,55053,54419,54210,55032,54323
607,55053,54419,54210,55032,54323
608,55053,54419,54210,55032,54323
609,55053,54419,54210,55032,54323
610,55053,54419,54210,55028,54323
611,54933,54419,54210,55028,54323
612,54933,54419,54210,55028,54323
613,54933,54419,54210,55028,54323
614,54663,54419,54210,55028,54323
615,54663,54419,54210,55028,54323
616,54663,54419,54210,55028,54323
617,54663,54419,54210,55028,54323
618,54663,54419,54210,55028,54323
619,54663,54419,54210,55028,54323
620,54663,54419,54210,55028,54323
621,54663,54419,54210,55028,54323
622,54663,54419,54210,55028,54323
623,54663,54419,54210,55028,54323
624,54663,54419,54210,55028,54323
625,54603,54419,54210,55028,54323
626,54603,54419,54210,55028,54323
627,54603,54419,54210,55028,54323
628,54603,54419,54135,55028,54323
629,54603,54419,54135,55028,54323
630,54603,54419,54135,55028,54323
631,54603,54246,54135,55028,54323
632,54603,54246,54135,55028,54323
633,54603,54246,54135,55028,54323
634,54603,54246,54135,55028,54323
635,54603,54246,54135,55028,54323
636,54603,54246,54135,55028,54323
637,54603,54246,54135,55028,54323
638,54603,54246,54135,55028,54323
639,54603,54246,54135,55028,54323
640,54603,54246,54135,55028,54323
641,54603,54246,54135,55028,54323
642,54603,54246,54135,55028,54323
643,54603,54246,54135,55028,54323
644,54603,54246,54135,55028,54323
645,54603,54246,54135,55028,54323
646,54603,54246,54135,55028,54323
647,54603,54246,53914,55028,54323
648,54603,54246,53914,55028,54323
649,54603,54246,53914,55028,54323
650,54603,54246,53914,55028,54323
651,54603,54246,53914,55028,54323
652,54603,54246,53914,55028,54323
653,54603,54246,53914,55028,54323
654,54603,54246,53914,55028,54323
655,54603,54246,53914,55028,54323
656,54603,54246,53914,55028,54323
657,54603,54246,53914,55028,54323
658,54603,54246,53914,55028,54323
659,54603,54246,53914,55028,54323
660,54603,54246,53914,55028,54323
661,54603,54246,53914,55028,54323
662,54603,54120,53914,55028,54307
663,54603,54120,53914,55028,54307
664,54603,54120,53914,55028,54307
665,54603,54120,53914,55028,54307
666,54603,54120,53914,55028,54307
667,54603,54120,53914,55028,54307
668,54603,54120,53914,55028,54307
669,54603,54120,53914,55028,54307
670,54603,54120,53914,55028,54307
671,54603,54120,53914,55028,54307
672,54603,54120,53914,55028,54307
673,54603,54120,53914,55028,54307
674,54603,53963,53914,55028,54307
675,54465,53963,53914,55028,54307
676,54465,53963,53914,55028,54307
677,54465,53963,53914,55028,54307
678,54465,53963,53914,55028,54307
679,54465,53963,53914,55028,54307
680,54465,53963,53914,55028,54307
681,54465,53963,53914,55028,54307
682,54465,53963,53914,55028,54307
683,54465,53963,53914,55028,54307
684,54465,53963,53914,55028,54307
685,54465,53963,53914,55028,54307
686,54465,53963,53914,55028,54307
687,54465,53963,53914,55028,54307
688,54465,53963,53914,55028,54307
689,54465,53963,53914,55028,54307
690,54465,53963,53914,55028,54307
691,54465,53963,53914,55028,54307
692,54465,53963,53914,55028,54307
693,54465,53963,53914,55028,54307
694,54465,53963,53914,55028,54307
695,54465,53963,53712,55028,54307
696,54465,53963,53712,55028,54307
697,54465,53963,53712,55028,54307
698,54465,53963,53712,55028,54307
699,54465,53963,53712,55028,54307
700,54465,53963,53712,55028,54307
701,54465,53963,53712,55028,54307
702,54465,53963,53712,55028,54307
703,54465,53963,53712,55022,54307
704,54465,53963,53712,55022,54307
705,54465,53963,53712,55022,54307
706,54465,53963,53712,55022,54307
707,54465,53963,53712,55022,54307
708,54465,53963,53712,55022,54307
709,54465,53963,53712,55022,54307
710,54465,53963,53712,55022,54307
711,54465,53963,53712,55022,54307
712,54465,53963,53712,55022,54307
713,54465,53963,53712,55022,54307
714,54423,53963,53712,55022,54307
715,54423,53963,53712,55022,54307
716,54423,53963,53398,55022,54307
717,54423,53963,53398,55022,54307
718,54423,53963,53398,55022,54307
719,54274,53963,53398,55022,54307
720,54274,53963,53398,55022,54307
721,54274,53963,53398,55022,54307
722,54274,53963,53398,55022,54307
723,54274,53963,53398,55022,54307
724,54274,53963,53398,55022,54307
725,54274,53963,53398,55022,54307
726,54274,53963,53398,55022,54307
727,54274,53963,53398,55022,54307
728,54274,53963,53398,55022,54307
729,54215,53963,53398,55022,54307
730,54215,53963,53398,55022,54307
731,54215,53963,53398,55022,54307
732,54215,53963,53398,55022,54307
733,54215,53963,53398,55022,54307
734,54215,53963,53398,54880,54307
735,54215,53963,53398,54880,54307
736,54215,53963,53398,54880,54307
737,54215,53963,53398,54880,54307
738,54215,53963,53398,54880,54307
739,54215,53963,53398,54880,54307
740,54215,53963,53398,54880,54307
741,54215,53963,53398,54880,54307
742,54215,53963,53398,54880,54307
743,54215,53963,53398,54880,54307
744,54215,53963,53189,54880,54307
745,54215,53963,53189,54880,54307
746,54215,53963,53189,54880,54307
747,54215,53963,53189,54880,54307
748,54215,53963,53189,54797,54307
749,54215,53963,53189,54797,54307
750,54215,53963,53189,54797,54307
751,54215,53963,53189,54797,54307
752,54215,53963,53189,54797,54307
753,54215,53963,53189,54797,54307
754,54215,53963,53189,54797,54307
755,54215,53963,53189,54797,54307
756,54215,53963,53189,54797,54307
757,54215,53963,53189,54797,54307
758,54215,53963,53189,54797,54307
759,54215,53963,53189,54797,54307
760,54215,53963,53189,54797,54307
761,54215,53963,53189,54797,54307
762,54215,53963,53189,54797,54307
763,54215,53963,53189,54797,54307
764,54215,53963,53189,54797,54307
765,54215,53963,53189,54797,54307
766,54215,53963,53189,54797,54307
767,54215,53963,53189,54797,54307
768,54215,53963,53189,54797,54307
769,54215,53963,53189,54797,54307
770,54215,53963,53189,54797,54307
771,54215,53963,53189,54797,54307
772,54215,53963,53189,54797,54307
773,54215,53963,53189,54797,54307
774,54215,53963,53189,54797,54307
775,54215,53963,53189,54797,54307
776,54215,53963,53189,54797,54307
777,54215,53963,53189,54797,54307
778,54215,53963,53189,54797,54307
779,54215,53963,53189,54797,54307
780,54215,53963,53189,54797,54307
781,54215,53963,53189,54797,54307
782,54215,53963,53189,54797,54281
783,54215,53963,53189,54797,54281
784,54215,53963,53189,54797,54281
785,54215,53963,53189,54797,54281
786,54215,53963,53189,54797,54281
787,54215,53963,53189,54797,54281
788,54215,53963,53189,54797,54281
789,54215,53963,53189,54797,54281
790,54215,53809,53189,54797,54281
791,54215,53809,53189,54797,54281
792,54215,53809,53189,54797,54281
793,54215,53809,53189,54797,54281
794,54215,53809,53189,54797,54281
795,54215,53809,53189,54712,54281
796,54215,53809,53189,54712,54281
797,54215,53809,53189,54712,54281
798,54215,53809,53189,54712,54281
799,54215,53809,53189,54712,54281
800,54215,53809,53189,54712,54281
801,54215,53809,53189,54712,54281
802,54215,53809,53189,54712,54281
803,54215,53809,53189,54712,54281
804,54215,53809,53189,54712,54281
805,54215,53809,53189,54712,54281
806,54215,53809,53189,54712,54281
807,54215,53809,53189,54712,54281
808,54215,53809,53189,54712,54281
809,54215,53809,53189,54712,54281
810,54215,53809,53189,54712,54281
811,54215,53809,53189,54712,54281
812,54215,53809,53189,54712,54281
813,54215,53809,53189,54712,54281
814,54215,53809,53189,54712,54281
815,54215,53809,53189,54712,54281
816,54215,53809,53189,54712,54281
817,54068,53809,53189,54712,54281
818,54068,53809,53189,54712,54281
819,54068,53809,53189,54712,54281
820,54068,53809,53189,54712,54281
821,54068,53809,53189,54712,54281
822,54068,53809,53189,54712,54281
823,54068,53809,53189,54712,54281
824,54068,53809,53189,54662,54281
825,54068,53809,53189,54662,54281
826,54068,53809,53189,54662,54281
827,54068,53809,53189,54662,54281
828,54068,53809,53189,54662,54281
829,54068,53809,53189,54662,54281
830,54068,53809,53189,54662,54281
831,54068,53809,53189,54662,54281
832,54068,53809,53189,54662,54281
833,54068,53809,53189,54662,54281
834,54068,53809,53189,54662,54281
835,54068,53809,53189,54654,54281
836,54068,53809,53189,54654,54281
837,54068,53809,53189,54654,54281
838,54068,53809,53189,54654,54281
839,54068,53809,53189,54654,54281
840,54068,53809,53189,54654,54281
841,54068,53809,52871,54654,54281
842,54068,53809,52871,54654,54281
843,54068,53809,52871,54654,54281
844,54068,53809,52871,54654,54281
845,54068,53809,52871,54654,54281
846,54068,53809,52871,54654,54281
847,54068,53809,52871,54654,54281
848,54068,53809,52871,54654,54281
849,54068,53809,52871,54654,54281
850,54068,53809,52871,54654,54281
851,54068,53809,52871,54654,54281
852,54068,53809,52871,54654,54281
853,54068,53809,52871,54654,54281
854,54068,53809,52871,54654,54281
855,54068,53809,52871,54654,54281
856,54068,53809,52871,54654,54281
857,54068,53809,52871,54615,54281
858,54068,53809,52871,54615,54281
859,54068,53809,52871,54598,54281
860,54068,53809,52871,54598,54281
861,54068,53809,52871,54598,54281
862,54068,53809,52871,54598,54281
863,54068,53809,52871,54598,54281
864,54068,53809,52871,54598,54281
865,54068,53809,52871,54598,54281
866,54068,53809,52871,54598,54281
867,54068,53809,52871,54598,54281
868,54068,53809,52871,54598,54281
869,54068,53809,52689,54598,54281
870,54068,53809,52689,54598,54281
871,54068,53809,52689,54598,54281
872,54068,53809,52689,54598,54281
873,54068,53809,52689,54598,54281
874,54068,53809,52689,54598,54281
875,54068,53809,52689,54598,54281
876,54068,53809,52689,54598,54281
877,54068,53809,52689,54598,54281
878,54068,53809,52689,54598,54281
879,54068,53809,52689,54598,54281
880,54068,53809,52689,54598,54281
881,54068,53809,52689,54598,54281
882,54068,53809,52689,54598,54281
883,54068,53809,52689,54598,54281
884,54068,53809,52689,54598,54281
885,54068,53809,52689,54598,54281
886,54068,53809,52689,54598,54281
887,54068,53809,52689,54598,54281
888,54068,53809,52689,54598,54281
889,54068,53809,52689,54598,54281
890,54068,53809,52689,54598,54281
891,54068,53809,52689,54598,54281
892,54068,53809,52689,54397,54281
893,54068,53809,52689,54397,54281
894,54068,53809,52689,54397,54281
895,54068,53809,52689,54397,54281
896,54068,53809,52689,54397,54281
897,54036,53809,52689,54397,54281
898,54036,53809,52689,54397,54281
899,54036,53809,52689,54397,54281
900,53793,53809,52689,54397,54281
901,53793,53809,52689,54397,54281
902,53793,53809,52689,54397,54281
903,53793,53809,52689,54200,54281
904,53793,53809,52689,54200,54281
905,53793,53809,52689,54200,54281
906,53793,53809,52689,54200,54281
907,53793,53809,52689,54200,54281
908,53793,53809,52689,54200,54281
909,53793,53809,52689,54200,54281
910,53793,53809,52689,54200,54281
911,53793,53809,52689,54200,54281
912,53793,53809,52689,54200,54281
913,53793,53809,52689,54200,54281
914,53793,53809,52689,54200,54281
915,53793,53809,52689,54200,54281
916,53793,53809,52689,54200,54281
917,53774,53809,52689,54200,54281
918,53774,53809,52689,54200,54281
919,53774,53809,52689,54200,54281
920,53774,53809,52689,54200,54277
921,53774,53809,52689,54200,54277
922,53774,53809,52689,54200,54277
923,53738,53809,52689,54200,54277
924,53738,53809,52689,54200,54277
925,53738,53809,52689,54200,54277
926,53738,53809,52689,54200,54277
927,53738,53809,52689,54200,54277
928,53738,53809,52689,54200,54277
929,53738,53809,52689,54200,54277
930,53738,53809,52689,54200,54277
931,53738,53809,52689,54200,54277
932,53738,53809,52689,54200,54277
933,53738,53809,52689,54200,54277
934,53738,53809,52689,54200,54277
935,53738,53809,52689,54200,54277
936,53738,53809,52689,54200,54277
937,53738,53809,52689,54200,54277
938,53738,53809,52689,54200,54277
939,53738,53809,52689,54200,54277
940,53738,53809,52689,54200,54277
941,53738,53809,52689,54200,54277
942,53738,53809,52689,54200,54277
943,53738,53809,52689,54073,54277
944,53738,53809,52689,54073,54277
945,53738,53809,52689,54073,54277
946,53738,53809,52689,54073,54277
947,53738,53809,52689,54073,54277
948,53738,53809,52689,54073,54277
949,53738,53809,52689,54073,54277
950,53738,53809,52689,54073,54277
951,53738,53809,52689,54073,54277
952,53738,53809,52689,53959,54277
953,53738,53809,52689,53959,54277
954,53738,53809,52689,53959,54277
955,53738,53809,52689,53959,54277
956,53738,53809,52689,53959,54263
957,53738,53809,52689,53959,54263
958,53738,53809,52689,53959,54263
959,53738,53809,52689,53959,54263
960,53738,53809,52689,53959,54263
961,53738,53809,52689,53959,54263
962,53738,53809,52689,53959,54263
963,53738,53809,52689,53959,54263
964,53738,53809,52689,53959,54263
965,53738,53809,52689,53959,54263
966,53738,53809,52689,53843,54263
967,53738,53809,52689,53843,54263
968,53738,53809,52689,53843,54263
969,53738,53809,52689,53843,54263
970,53738,53809,52689,53843,54263
971,53738,53809,52689,53843,54263
972,53738,53809,52689,53843,54263
973,53738,53809,52689,53843,54263
974,53738,53809,52689,53843,54263
975,53738,53809,52689,53843,54263
976,53738,53809,52689,53843,54263
977,53738,53809,52689,53843,54263
978,53738,53809,52689,53843,54263
979,53738,53809,52689,53843,54263
980,53738,53809,52689,53843,54263
981,53738,53809,52689,53843,54263
982,53738,53809,52689,53843,54263
983,53669,53809,52689,53843,54263
984,53669,53809,52689,53843,54052
985,53669,53809,52689,53843,54052
986,53669,53809,52689,53843,54052
987,53669,53809,52689,53843,54052
988,53669,53809,52689,53843,54052
989,53669,53809,52689,53843,54052
990,53669,53809,52689,53797,54052
991,53669,53809,52689,53797,54052
992,53669,53809,52689,53797,54052
993,53669,53809,52689,53797,54052
994,53669,53809,52689,53797,54052
995,53669,53809,52689,53797,54052
996,53669,53809,52689,53797,54052
997,53669,53809,52689,53797,54052
998,53669,53809,52689,53797,54052
999,53669,53809,52689,53797,54052
1000,53669,53809,52689,53797,54052
1001,53669,53809,52689,53797,54052
1002,53669,53809,52689,53797,54052
1003,53669,53809,52689,53797,54052
1004,53669,53809,52689,53797,54052
1005,53669,53809,52689,53797,54052
1006,53669,53809,52689,53797,54052
1007,53669,53809,52689,53797,54052
1008,53669,53809,52689,53797,54052
1009,53669,53809,52689,53797,54052
1010,53669,53809,52689,53797,54052
1011,53421,53809,52689,53797,54052
1012,53421,53809,52689,53797,54052
1013,53259,53809,52689,53797,54052
1014,53259,53809,52689,53797,54052
1015,53259,53809,52689,53797,54052
1016,53259,53809,52689,53797,54052
1017,53259,53809,52689,53797,54052
1018,53259,53809,52689,53797,54052
1019,53259,53809,52689,53797,54052
1020,53259,53809,52689,53797,54052
1021,53259,53809,52689,53797,54052
1022,53259,53809,52689,53797,54052
1023,53259,53809,52689,53797,54052
1024,53259,53809,52689,53797,54052
1025,53259,53809,52689,53797,54052
1026,53259,53809,52689,53797,54052
1027,53259,53809,52689,53797,54052
1028,53259,53809,52689,53797,54052
1029,53259,53809,52689,53797,54052
1030,53259,53809,52689,53797,54052
1031,53259,53809,52689,53797,54052
1032,53259,53809,52689,53797,54052
1033,53259,53809,52689,53797,54052
1034,53259,53809,52689,53797,54052
1035,53259,53809,52689,53797,54052
1036,53259,53809,52689,53797,54052
1037,53259,53809,52496,53797,54052
1038,53259,53809,52496,53797,54052
1039,53259,53809,52496,53797,54052
1040,53259,53809,52496,53797,54052
1041,53259,53809,52496,53797,54052
1042,53259,53809,52496,53797,54052
1043,53259,53809,52496,53797,53957
1044,53259,53809,52496,53797,53957
1045,53259,53809,52496,53797,53957
1046,53259,53809,52496,53797,53957
1047,53259,53809,52496,53797,53957
1048,53259,53809,52496,53797,53957
1049,53259,53809,52496,53797,53957
1050,53259,53809,52496,53797,53957
1051,53259,53809,52496,53797,53957
1052,53259,53809,52496,53797,53957
1053,53259,53809,52496,53797,53957
1054,53259,53809,52496,53797,53957
1055,53259,53809,52496,53797,53957
1056,53259,53809,52496,53797,53957
1057,53259,53809,52496,53797,53957
1058,53259,53809,52496,53797,53957
1059,53259,53809,52496,53797,53957
1060,53259,53809,52496,53797,53957
1061,53259,53809,52496,53797,53957
1062,53259,53809,52496,53797,53957
1063,53259,53809,52496,53797,53957
1064,53259,53809,52496,53797,53957
1065,53259,53809,52496,53797,53957
1066,53259,53809,52496,53797,53957
1067,53259,53809,52496,53797,53957
1068,53259,53809,52496,53797,53957
1069,53259,53809,52496,53797,53957
1070,53259,53809,52496,53797,53957
1071,53259,53809,52496,53797,53957
1072,53259,53809,52496,53797,53957
1073,53259,53809,52496,53797,53957
1074,53259,53809,52496,53797,53957
1075,53259,53809,52496,53797,53957
1076,53259,53809,52496,53797,53957
1077,53259,53809,52496,53797,53957
1078,53259,53809,52496,53797,53957
1079,53259,53809,52496,53797,53957
1080,53259,53809,52496,53797,53957
1081,53259,53809,52496,53797,53957
1082,53259,53809,52496,53797,53957
1083,53259,53809,52496,53797,53957
1084,53259,53809,52496,53797,53957
1085,53259,53809,52496,53797,53957
1086,53259,53809,52496,53797,53957
1087,53259,53809,52496,53797,53957
1088,53259,53809,52496,53797,53957
1089,53259,53809,52496,53797,53957
1090,53259,53809,52496,53797,53957
1091,53259,53809,52496,53797,53957
1092,53259,53809,52496,53797,53957
1093,53259,53809,52496,53797,53957
1094,53259,53809,52496,53797,53957
1095,53259,53809,52496,53797,53957
1096,53259,53809,52496,53797,53957
1097,53259,53809,52496,53797,53957
1098,53259,53809,52496,53797,53957
1099,53259,53809,52496,53797,53957
1100,53259,53809,52496,53797,53957
1101,53259,53809,52496,53797,53957
1102,53259,53809,52496,53797,53957
1103,53259,53809,52496,53797,53890
1104,53259,53809,52496,53797,53890
1105,53259,53809,52496,53797,53890
1106,53259,53809,52496,53797,53890
1107,53259,53809,52496,53797,53890
1108,53259,53809,52496,53758,53890
1109,53259,53809,52496,53688,53890
1110,53259,53809,52496,53688,53890
1111,53259,53809,52496,53688,53890
1112,53259,53809,52496,53688,53890
1113,53259,53809,52496,53688,53890
1114,53259,53809,52496,53688,53890
1115,53259,53809,52496,53688,53890
1116,53259,53809,52496,53688,53890
1117,53259,53809,52496,53688,53890
1118,53259,53809,52496,53688,53890
1119,53259,53809,52496,53688,53890
1120,53259,53809,52496,53688,53890
1121,53259,53809,52496,53688,53890
1122,53259,53809,52496,53688,53890
1123,53259,53809,52496,53688,53890
1124,53259,53809,52496,53688,53890
1125,53259,53809,52496,53688,53890
1126,53259,53809,52496,53688,53890
1127,53259,53809,52496,53688,53890
1128,53259,53809,52496,53688,53890
1129,53259,53809,52496,53688,53890
1130,53259,53809,52496,53688,53890
1131,53259,53809,52496,53688,53825
1132,53259,53809,52496,53688,53825
1133,53259,53809,52496,53688,53825
1134,53259,53809,52496,53688,53825
1135,53259,53809,52496,53688,53825
1136,53259,53809,52496,53688,53825
1137,53259,53809,52496,53688,53825
1138,53259,53809,52496,53688,53825
1139,53259,53809,52496,53688,53825
1140,53259,53809,52496,53688,53825
1141,53259,53809,52496,53688,53825
1142,53259,53809,52496,53688,53825
1143,53259,53809,52496,53688,53825
1144,53259,53809,52496,53688,53825
1145,53259,53809,52496,53688,53825
1146,53259,53413,52496,53688,53825
1147,53259,53146,52496,53688,53825
1148,53259,53146,52496,53688,53825
1149,53259,53146,52496,53688,53825
1150,53259,53146,52496,53688,53825
1151,53259,53146,52496,53688,53825
1152,53259,53146,52496,53688,53825
1153,53259,53146,52496,53688,53825
1154,53259,53146,52496,53688,53825
1155,53259,53146,52496,53688,53825
1156,53259,53146,52496,53688,53825
1157,53259,53146,52496,53688,53825
1158,53259,53146,52496,53688,53825
1159,53259,53146,52496,53688,53825
1160,53259,53146,52496,53688,53825
1161,53259,53146,52496,53688,53825
1162,53259,53146,52496,53688,53825
1163,53259,53146,52496,53688,53825
1164,53259,53146,52496,53688,53825
1165,53259,53146,52496,53688,53825
1166,53259,53146,52496,53688,53825
1167,53259,53146,52496,53688,53825
1168,53259,53146,52496,53688,53825
1169,53259,53146,52496,53688,53825
1170,53259,53146,52496,53688,53825
1171,53259,53146,52496,53688,53825
1172,53259,53146,52496,53688,53825
1173,53259,53146,52496,53688,53825
1174,53259,53146,52496,53688,53825
1175,53259,53146,52496,53688,53825
1176,53259,53146,52496,53688,53825
1177,53259,53146,52496,53688,53825
1178,53259,53146,52496,53688,53825
1179,53259,53146,52496,53688,53825
1180,53259,53146,52496,53688,53825
1181,53259,53146,52496,53688,53825
1182,53259,53146,52496,53688,53825
1183,53259,53146,52496,53688,53825
1184,53259,53146,52496,53688,53825
1185,53259,53146,52496,53688,53825
1186,53259,53146,52496,53688,53825
1187,53259,53146,52496,53688,53825
1188,53259,53146,52496,53688,53825
1189,53259,53146,52496,53688,53825
1190,53259,53146,52496,53688,53825
1191,53259,53146,52496,53688,53825
1192,53259,53146,52496,53688,53825
1193,53259,53146,52496,53688,53825
1194,53259,53146,52496,53688,53825
1195,53259,53146,52496,53688,53825
1196,53259,53146,52496,53688,53825
1197,53259,53146,52496,53688,53825
1198,53259,53146,52496,53688,53825
1199,53259,53146,52496,53688,53825
1200,53259,53146,52496,53688,53825
1201,53259,53146,52496,53688,53825
1202,53259,53146,52496,53688,53825
1203,53259,53139,52496,53688,53825
1204,53259,53139,52496,53688,53825
1205,53259,53139,52496,53688,53825
1206,53259,53139,52496,53688,53825
1207,53259,53139,52496,53688,53825
1208,53259,53139,52496,53688,53825
1209,53259,53139,52496,53688,53825
1210,53259,53139,52496,53688,53825
1211,53259,53139,52496,53688,53825
1212,53259,53139,52496,53688,53825
1213,53259,53139,52496,53688,53825
1214,53259,53139,52496,53688,53825
1215,53259,53139,52496,53688,53825
1216,53259,53139,52496,53688,53825
1217,53259,53139,52442,53688,53825
1218,53259,52941,52442,53688,53825
1219,53259,52941,52442,53688,53825
1220,53259,52941,52442,53688,53825
1221,53259,52941,52442,53688,53825
1222,53259,52941,52442,53688,53825
1223,53259,52402,52442,53688,53825
1224,53259,52402,52442,53688,53825
1225,53259,52402,52442,53688,53825
1226,53259,52402,52442,53688,53825
1227,53255,52402,52442,53688,53825
1228,53255,52402,52442,53688,53825
1229,52946,52402,52442,53688,53825
1230,52946,52402,52442,53688,53825
1231,52946,52402,52442,53688,53825
1232,52946,52402,52442,53688,53825
1233,52946,52402,52442,53688,53825
1234,52946,52402,52442,53688,53825
1235,52946,52402,52442,53688,53825
1236,52946,52402,52442,53688,53825
1237,52946,52402,52442,53688,53825
1238,52946,52402,52442,53688,53825
1239,52946,52402,52442,53384,53825
1240,52946,52402,52442,53384,53825
1241,52946,52402,52442,53384,53825
1242,52946,52402,52442,53384,53825
1243,52946,52402,52442,53384,53825
1244,52946,52402,52442,53384,53825
1245,52946,52402,52442,53384,53825
1246,52946,52402,52442,53384,53825
1247,52946,52402,52442,53384,53825
1248,52946,52402,52442,53384,53825
1249,52946,52402,52442,53384,53825
1250,52946,52402,52442,53384,53825
1251,52946,52402,52442,53384,53825
1252,52946,52402,52442,53384,53825
1253,52946,52402,52442,53384,53825
1254,52946,52402,52442,53384,53825
1255,52946,52402,52442,53384,53825
1256,52946,52402,52442,53384,53825
1257,52946,52402,52442,53384,53825
1258,52946,52402,52442,53384,53825
1259,52946,52402,52442,53384,53825
1260,52946,52402,52442,53384,53825
1261,52946,52402,52442,53384,53825
1262,52946,52402,52442,53384,53825
1263,52946,52402,52442,53384,53825
1264,52946,52366,52442,53384,53825
1265,52946,52366,52442,53384,53825
1266,52946,52366,52442,53384,53825
1267,52946,52366,52442,53384,53825
1268,52946,52366,52442,53384,53825
1269,52946,52366,52442,53384,53825
1270,52946,52366,52442,53384,53825
1271,52946,52366,52442,53384,53825
1272,52946,52366,52442,53384,53825
1273,52946,52366,52442,53384,53825
1274,52946,52334,52442,53384,53825
1275,52946,52334,52442,53384,53825
1276,52946,52334,52442,53384,53825
1277,52946,52334,52442,53384,53825
1278,52946,52334,52442,53384,53825
1279,52946,52334,52442,53384,53825
1280,52946,52334,52442,53384,53825
1281,52946,52334,52442,53384,53825
1282,52946,52334,52442,53384,53825
1283,52946,52334,52442,53384,53825
1284,52946,52334,52442,53384,53825
1285,52946,52334,52442,53384,53825
1286,52946,52334,52442,53384,53825
1287,52946,52334,52442,53384,53825
1288,52946,52334,52442,53384,53825
1289,52946,52334,52442,53384,53825
1290,52946,52334,52442,53384,53825
1291,52946,52334,52442,53384,53825
1292,52792,52288,52442,53384,53825
1293,52792,52288,52442,53384,53825
1294,52792,52288,52442,53384,53825
1295,52792,52288,52442,53384,53825
1296,52792,52288,52442,53384,53825
1297,52792,52288,52442,53384,53825
1298,52792,52288,52442,53384,53825
1299,52792,52288,52442,53384,53825
1300,52792,52288,52442,53384,53825
1301,52792,52288,52442,53384,53825
1302,52792,52288,52442,53384,53825
1303,52792,52288,52442,53384,53825
1304,52792,52288,52442,53384,53825
1305,52792,52288,52442,53384,53825
1306,52792,52288,52442,53384,53825
1307,52792,52288,52442,53384,53825
1308,52792,52288,52442,53384,53825
1309,52792,52288,52442,53384,53825
1310,52792,52288,52442,53384,53825
1311,52792,52288,52442,53384,53825
1312,52792,52288,52442,53384,53825
1313,52792,52288,52442,53384,53825
1314,52792,52288,52442,53384,53825
1315,52792,52288,52442,53384,53825
1316,52792,52288,52442,53384,53825
1317,52792,52288,52442,53384,53767
1318,52792,52288,52442,53384,53767
1319,52792,52288,52442,53384,53767
1320,52792,52288,52442,53384,53767
1321,52792,52288,52442,53384,53767
1322,52792,52288,52442,53384,53767
1323,52792,52288,52442,53384,53767
1324,52792,52288,52442,53384,53767
1325,52792,52288,52442,53384,53767
1326,52792,52288,52442,53384,53767
1327,52792,52288,52442,53384,53767
1328,52792,52288,52442,53384,53767
1329,52792,52288,52442,53384,53767
1330,52792,52288,52442,53384,53767
1331,52792,52288,52442,53384,53767
1332,52792,52288,52442,53384,53767
1333,52792,52288,52442,53384,53767
1334,52792,52288,52442,53384,53767
1335,52792,52288,52442,53384,53767
1336,52792,52288,52442,53384,53767
1337,52792,52288,52442,53384,53767
1338,52792,52288,52442,53384,53767
1339,52792,52288,52442,53384,53767
1340,52792,52182,52442,53384,53767
1341,52792,52182,52442,53384,53767
1342,52792,52182,52442,53384,53767
1343,52792,52182,52442,53384,53767
1344,52792,52182,52442,53384,53767
1345,52792,52182,52442,53384,53767
1346,52792,52182,52442,53384,53767
1347,52792,52182,52442,53384,53767
1348,52792,52182,52442,53384,53767
1349,52664,52182,52442,53384,53767
1350,52664,52182,52442,53384,53755
1351,52664,52182,52442,53384,53755
1352,52664,52182,52442,53384,53755
1353,52664,52182,52442,53384,53755
1354,52664,52182,52442,53384,53755
1355,52664,52182,52442,53384,53755
1356,52664,52182,52429,53384,53755
1357,52664,52182,52429,53384,53755
1358,52664,52182,52429,53384,53755
1359,52664,52182,52429,53384,53755
1360,52664,52182,52429,53384,53755
1361,52664,52182,52429,53384,53755
1362,52664,52182,52429,53384,53755
1363,52664,52182,52429,53384,53755
1364,52664,52182,52429,53384,53755
1365,52664,52182,52429,53384,53755
1366,52664,52182,52324,53384,53755
1367,52664,52182,52324,53384,53755
1368,52664,52182,52324,53384,53755
1369,52664,52182,52324,53384,53755
1370,52664,52182,52324,53384,53755
1371,52664,52182,52324,53384,53755
1372,52664,52182,52324,53384,53755
1373,52664,52182,52324,53384,53755
1374,52664,52182,52324,53384,53755
1375,52639,52182,52324,53384,53755
1376,52639,52182,52324,53384,53755
1377,52639,52182,52324,53384,53755
1378,52639,52182,52324,53384,53755
1379,52639,52182,52324,53384,53755
1380,52639,52182,52324,53384,53755
1381,52639,52182,52324,53384,53755
1382,52639,52182,52324,53384,53755
1383,52639,52182,52324,53384,53755
1384,52639,52182,52324,53384,53755
1385,52639,52182,52324,53384,53755
1386,52639,52182,52324,53384,53755
1387,52639,52182,52324,53384,53755
1388,52639,52182,52324,53384,53755
1389,52639,52182,52324,53384,53755
1390,52639,52182,52324,53384,53755
1391,52639,52182,52324,53384,53755
1392,52639,52182,52324,53384,53755
1393,52639,52182,52324,53384,53755
1394,52639,52182,52324,53384,53755
1395,52639,52182,52324,53384,53755
1396,52639,52182,52324,53384,53755
1397,52639,52182,52324,53384,53755
1398,52639,52182,52324,53384,53755
1399,52639,52182,52324,53384,53755
1400,52639,52182,52324,53384,53755
1401,52639,52182,52324,53384,53755
1402,52639,52182,52324,53384,53755
1403,52639,52182,52324,53384,53755
1404,52639,52182,52324,53384,53755
1405,52639,52182,52324,53384,53755
1406,52639,52182,52324,53384,53755
1407,52639,52182,52324,53384,53755
1408,52639,52182,52324,53384,53755
1409,52639,52182,52324,53384,53755
1410,52639,52182,52324,53384,53755
1411,52639,52182,52324,53384,53755
1412,52639,52182,52324,53384,53755
1413,52639,52182,52324,53384,53755
1414,52639,52182,52324,53384,53755
1415,52639,52182,52324,53384,53755
1416,52639,52182,52324,53384,53755
1417,52639,52182,52324,53384,53755
1418,52639,52182,52324,53384,53755
1419,52639,52182,52324,53384,53755
1420,52639,52182,52324,53384,53755
1421,52639,52182,52057,53384,53755
1422,52639,52182,52057,53384,53755
1423,52639,52182,52057,53384,53755
1424,52639,52182,52057,53384,53755
1425,52639,52182,52057,53384,53755
1426,52639,52182,52057,53384,53755
1427,52639,52182,52057,53384,53755
1428,52639,52182,52057,53384,53755
1429,52639,52182,52057,53384,53755
1430,52639,52182,52057,53384,53755
1431,52639,52182,52057,53384,53755
1432,52639,52182,52057,53384,53755
1433,52639,52182,52057,53384,53755
1434,52639,52182,52057,53384,53755
1435,52639,52182,52057,53384,53755
1436,52639,52182,52057,53384,53755
1437,52639,52182,52057,53384,53755
1438,52639,52182,52057,53384,53755
1439,52639,52182,52057,53384,53755
1440,52620,52182,52057,53384,53755
1441,52620,52182,52057,53384,53741
1442,52620,52182,52057,53384,53741
1443,52620,52182,52057,53384,53741
1444,52620,52182,52057,53384,53741
1445,52620,52182,52057,53384,53741
1446,52620,52182,52057,53384,53741
1447,52620,52182,52057,53384,53741
1448,52620,52182,52057,53384,53741
1449,52620,52182,52057,53384,53741
1450,52620,52182,52057,53384,53741
1451,52620,52182,52057,53384,53741
1452,52620,52182,52057,53384,53741
1453,52620,52182,52057,53384,53741
1454,52620,52182,52057,53384,53741
1455,52620,52182,52057,53384,53741
1456,52620,52182,52057,53384,53741
1457,52620,52182,52057,53384,53741
1458,52620,52182,52057,53384,53741
1459,52620,52182,52057,53384,53741
1460,52620,52182,52057,53384,53741
1461,52620,52182,52057,53384,53741
1462,52620,52182,52057,53384,53741
1463,52620,52182,52057,53384,53741
1464,52620,52182,52057,53384,53741
1465,52620,52182,52057,53384,53741
1466,52620,52182,52057,53384,53741
1467,52620,52182,52057,53384,53741
1468,52620,52182,52057,53055,53741
1469,52620,52182,52057,53055,53741
1470,52620,52182,52057,53055,53741
1471,52620,52182,52057,53055,53741
1472,52620,52182,52057,53055,53741
1473,52620,52182,52057,53055,53741
1474,52620,52182,52057,53055,53741
1475,52620,52182,52057,53055,53741
1476,52620,52182,52057,53055,53741
1477,52620,52182,52057,53055,53741
1478,52620,52182,52057,53055,53741
1479,52620,52182,52057,53055,53741
1480,52620,52182,52057,53055,53741
1481,52620,52182,52057,53055,53741
1482,52620,52182,52057,53055,53741
1483,52620,52182,51867,53055,53741
1484,52620,52182,51867,53055,53741
1485,52620,52182,51867,53055,53741
1486,52620,52182,51867,53055,53741
1487,52620,52182,51867,53055,53741
1488,52620,52182,51867,53055,53741
1489,52620,52182,51867,53055,53741
1490,52620,52182,51867,53055,53741
1491,52620,52182,51867,53055,53741
1492,52594,52182,51867,53055,53741
1493,52594,52182,51867,53055,53741
1494,52594,52182,51867,53055,53741
1495,52594,52182,51867,53055,53741
1496,52200,52182,51867,53055,53741
1497,52200,52182,51867,53055,53741
1498,52200,52182,51867,53055,53741
1499,52200,52182,51867,53055,53741
1500,52200,52182,51867,53055,53741
1501,52200,52182,51867,53055,53741
1502,52200,52182,51867,53055,53741
1503,52200,52182,51867,53055,53741
1504,52200,52182,51867,53055,53741
1505,52200,52182,51867,53055,53741
1506,52200,52182,51867,53055,53741
1507,52200,52182,51867,53055,53741
1508,52200,52182,51867,53055,53741
1509,52200,52182,51867,53055,53741
1510,52200,52182,51867,53055,53741
1511,52200,52182,51867,53055,53741
1512,52200,52182,51867,53055,53741
1513,52200,52182,51867,53055,53741
1514,52200,52182,51867,53055,53741
1515,52200,52182,51867,53055,53741
1516,52200,52182,51867,53055,53741
1517,52200,52182,51867,53055,53741
1518,52200,52182,51867,53055,53741
1519,52200,52182,51867,53055,53715
1520,52200,52182,51867,53055,53715
1521,52200,52182,51839,53055,53715
1522,52200,52182,51839,53055,53715
1523,52200,52182,51839,53055,53715
1524,52200,52182,51839,53055,53715
1525,52200,52182,51839,53055,53715
1526,52200,52182,51839,53055,53715
1527,52200,52182,51839,53055,53715
1528,52200,52182,51839,53055,53715
1529,52200,52182,51839,53055,53715
1530,52200,52182,51839,53055,53715
1531,52200,52182,51839,53055,53715
1532,52200,51807,51839,53055,53715
1533,52200,51807,51839,53055,53715
1534,52200,51807,51839,52993,53715
1535,52200,51807,51839,52993,53715
1536,52200,51807,51839,52993,53715
1537,52200,51807,51839,52993,53715
1538,52200,51807,51839,52993,53715
1539,52200,51720,51839,52993,53715
1540,52200,51720,51839,52993,53715
1541,52200,51720,51839,52993,53715
1542,52200,51720,51839,52993,53715
1543,52200,51720,51839,52993,53715
1544,52200,51720,51839,52993,53715
1545,52200,51720,51839,52993,53715
1546,52200,51720,51839,52993,53715
1547,52200,51720,51839,52993,53715
1548,52200,51720,51839,52993,53715
1549,52200,51720,51839,52993,53715
1550,52097,51720,51839,52993,53715
1551,52097,51720,51839,52993,53715
1552,52097,51720,51839,52993,53715
1553,52097,51720,51839,52993,53715
1554,52097,51720,51839,52993,53715
1555,52097,51720,51839,52993,53715
1556,52097,51720,51839,52993,53715
1557,52097,51720,51839,52993,53715
1558,52097,51720,51839,52993,53715
1559,52097,51720,51839,52993,53715
1560,52097,51720,51839,52993,53715
1561,52097,51720,51839,52993,53715
1562,52097,51720,51839,52993,53715
1563,52097,51720,51839,52993,53715
1564,52097,51720,51839,52993,53715
1565,52097,51720,51839,52993,53715
1566,52097,51720,51839,52993,53715
1567,52097,51720,51839,52993,53715
1568,52097,51720,51839,52993,53715
1569,52097,51720,51839,52993,53715
1570,52097,51720,51839,52993,53715
1571,52097,51720,51839,52993,53715
1572,52097,51720,51839,52993,53715
1573,52097,51720,51839,52993,53715
1574,52097,51720,51784,52993,53715
1575,52097,51720,51784,52993,53715
1576,52097,51720,51784,52993,53715
1577,52097,51720,51784,52993,53715
1578,51758,51720,51784,52993,53715
1579,51758,51720,51784,52993,53715
1580,51758,51720,51784,52993,53715
1581,51758,51720,51784,52993,53715
1582,51758,51720,51784,52993,53715
1583,51758,51720,51784,52993,53715
1584,51758,51720,51784,52993,53715
1585,51758,51720,51784,52993,53715
1586,51758,51720,51784,52993,53715
1587,51758,51720,51784,52993,53715
1588,51758,51720,51784,52993,53715
1589,51758,51720,51784,52993,53715
1590,51758,51720,51784,52993,53715
1591,51758,51720,51784,52993,53715
1592,51758,51720,51784,52993,53715
1593,51758,51720,51784,52935,53715
1594,51758,51720,51784,52935,53715
1595,51758,51720,51784,52935,53715
1596,51758,51720,51784,52935,53715
1597,51758,51720,51731,52935,53715
1598,51758,51720,51731,52935,53715
1599,51758,51720,51731,52935,53715
1600,51758,51720,51731,52935,53715
1601,51758,51720,51731,52935,53715
1602,51758,51720,51731,52935,53715
1603,51758,51599,51731,52935,53715
1604,51758,51599,51731,52935,53715
1605,51758,51599,51731,52935,53715
1606,51758,51599,51731,52935,53715
1607,51758,51599,51731,52935,53715
1608,51758,51599,51731,52935,53715
1609,51758,51599,51731,52935,53715
1610,51758,51599,51731,52935,53715
1611,51758,51599,51731,52935,53715
1612,51758,51599,51731,52935,53715
1613,51758,51599,51731,52935,53715
1614,51758,51599,51731,52935,53715
1615,51758,51599,51731,52935,53715
1616,51758,51599,51731,52935,53715
1617,51758,51599,51731,52935,53715
1618,51758,51599,51731,52935,53715
1619,51758,51599,51731,52935,53715
1620,51758,51599,51731,52935,53643
1621,51758,51599,51731,52935,53643
1622,51758,51599,51731,52935,53643
1623,51758,51599,51731,52935,53643
1624,51758,51599,51731,52935,53643
1625,51758,51599,51731,52935,53643
1626,51758,51599,51731,52935,53643
1627,51758,51599,51731,52935,53643
1628,51758,51599,51731,52935,53643
1629,51745,51599,51731,52935,53643
1630,51745,51599,51731,52935,53524
1631,51745,51599,51731,52935,53524
1632,51745,51599,51731,52935,53524
1633,51745,51599,51731,52935,53524
1634,51745,51599,51731,52935,53524
1635,51745,51599,51731,52935,53524
1636,51745,51599,51731,52935,53524
1637,51745,51599,51731,52935,53524
1638,51745,51599,51731,52935,53524
1639,51745,51599,51731,52935,53524
1640,51745,51599,51731,52935,53524
1641,51745,51599,51731,52935,53524
1642,51745,51599,51731,52935,53524
1643,51745,51599,51731,52935,53524
1644,51745,51599,51731,52935,53524
1645,51745,51599,51731,52935,53524
1646,51745,51599,51731,52935,53524
1647,51745,51599,51731,52935,53524
1648,51745,51599,51731,52935,53524
1649,51745,51599,51731,52935,53524
1650,51745,51599,51731,52935,53524
1651,51745,51599,51731,52935,53524
1652,51745,51243,51731,52935,53524
1653,51745,51243,51731,52935,53524
1654,51745,51243,51731,52935,53524
1655,51745,51243,51731,52935,53524
1656,51745,51243,51731,52935,53524
1657,51745,51243,51731,52935,53524
1658,51745,51243,51731,52935,53524
1659,51745,51243,51731,52935,53524
1660,51745,51243,51731,52935,53524
1661,51745,51243,51731,52935,53524
1662,51745,51243,51731,52935,53524
1663,51745,51243,51731,52935,53524
1664,51745,51243,51731,52935,53524
1665,51745,51243,51731,52935,53524
1666,51745,51243,51731,52935,53524
1667,51745,51243,51731,52935,53524
1668,51745,51243,51731,52935,53524
1669,51745,51243,51731,52935,53524
1670,51745,51243,51731,52935,53524
1671,51745,51243,51731,52935,53524
1672,51745,51243,51731,52935,53524
1673,51745,51243,51731,52781,53524
1674,51745,51243,51731,52781,53524
1675,51745,51243,51731,52781,53524
1676,51745,51243,51731,52781,53524
1677,51745,51243,51731,52781,53524
1678,51745,51243,51731,52781,53397
1679,51745,51243,51731,52781,53397
1680,51745,51243,51731,52781,53397
1681,51745,51243,51731,52781,53397
1682,51745,51243,51731,52781,53397
1683,51745,51243,51731,52781,53397
1684,51745,51243,51731,52781,53397
1685,51745,51243,51731,52781,53397
1686,51745,51243,51731,52781,53397
1687,51745,51243,51731,52781,53397
1688,51745,51243,51731,52781,53397
1689,51745,51243,51731,52781,53056
1690,51745,51243,51600,52781,53056
1691,51745,51243,51600,52781,53056
1692,51745,51243,51600,52781,53056
1693,51745,51243,51600,52781,53056
1694,51745,51243,51600,52781,53056
1695,51745,51243,51600,52781,53056
1696,51745,51243,51600,52781,53056
1697,51745,51243,51600,52781,53056
1698,51745,51243,51600,52781,53056
1699,51745,51243,51600,52781,53056
1700,51745,51243,51600,52781,52852
1701,51745,51243,51600,52781,52852
1702,51745,51243,51600,52781,52852
1703,51745,51243,51600,52781,52852
1704,51745,51243,51600,52781,52852
1705,51745,51243,51600,52781,52852
1706,51745,51243,51600,52781,52852
1707,51745,51243,51600,52781,52852
1708,51745,51243,51600,52781,52852
1709,51745,51243,51600,52781,52852
1710,51745,51243,51600,52781,52852
1711,51745,51243,51600,52781,52852
1712,51745,51243,51600,52781,52852
1713,51745,51243,51600,52781,52852
1714,51745,51243,51600,52781,52852
1715,51745,51243,51600,52781,52852
1716,51745,51243,51600,52781,52852
1717,51745,51243,51600,52781,52852
1718,51745,51243,51600,52781,52852
1719,51745,51243,51600,52781,52852
1720,51745,51243,51600,52781,52852
1721,51745,51243,51600,52781,52852
1722,51745,51243,51600,52781,52852
1723,51745,51243,51600,52781,52852
1724,51745,51243,51600,52781,52852
1725,51745,51243,51600,52779,52852
1726,51745,51243,51600,52779,52852
1727,51745,51243,51600,52779,52852
1728,51745,51243,51600,52779,52852
1729,51745,51243,51600,52779,52852
1730,51745,51243,51600,52779,52852
1731,51745,51243,51600,52779,52852
1732,51745,51243,51600,52779,52852
1733,51745,51243,51600,52779,52852
1734,51745,51243,51600,52779,52852
1735,51745,51243,51600,52779,52852
1736,51745,51243,51569,52779,52852
1737,51745,51243,51569,52779,52852
1738,51745,51243,51569,52779,52852
1739,51745,51243,51569,52779,52852
1740,51745,51243,51569,52779,52852
1741,51745,51243,51569,52779,52852
1742,51745,51243,51569,52779,52852
1743,51745,51243,51569,52779,52852
1744,51745,51243,51569,52779,52852
1745,51745,51243,51569,52779,52852
1746,51745,51243,51569,52779,52852
1747,51745,51243,51569,52779,52852
1748,51745,51243,51569,52779,52852
1749,51745,51243,51569,52779,52852
1750,51745,51243,51569,52779,52852
1751,51745,51243,51569,52779,52852
1752,51745,51243,51569,52779,52852
1753,51745,51243,51569,52779,52852
1754,51745,51243,51569,52779,52852
1755,51745,51243,51569,52779,52852
1756,51745,51243,51569,52779,52852
1757,51745,51243,51569,52779,52852
1758,51745,51243,51569,52779,52852
1759,51745,51243,51569,52779,52852
1760,51745,51243,51569,52779,52852
1761,51745,51243,51362,52779,52852
1762,51745,51243,51362,52779,52852
1763,51745,51243,51362,52779,52852
1764,51745,51243,51362,52779,52852
1765,51745,51243,51251,52779,52852
1766,51745,51243,51251,52779,52852
1767,51745,51243,51251,52779,52852
1768,51745,51243,51251,52779,52852
1769,51745,51243,51251,52779,52852
1770,51745,51243,51251,52779,52852
1771,51745,51243,51251,52779,52852
1772,51745,51243,51251,52779,52852
1773,51745,51243,51251,52779,52852
1774,51745,51243,51251,52779,52852
1775,51745,51243,51251,52779,52852
1776,51745,51243,51251,52779,52852
1777,51745,51243,51251,52779,52852
1778,51745,51243,51251,52747,52852
1779,51745,51243,51251,52747,52852
1780,51745,51243,51251,52747,52852
1781,51745,51243,51251,52747,52852
1782,51745,51243,51251,52747,52852
1783,51745,51243,51251,52747,52852
1784,51745,51243,51251,52747,52852
1785,51745,51243,51251,52747,52852
1786,51745,51243,51251,52747,52852
1787,51745,51243,51251,52747,52852
1788,51745,51243,51251,52747,52852
1789,51745,51243,51251,52747,52852
1790,51745,51243,51251,52747,52852
1791,51745,51243,51251,52747,52852
1792,51745,51243,51251,52747,52852
1793,51745,51243,51206,52747,52852
1794,51745,51243,51206,52747,52852
1795,51745,51243,51206,52747,52852
1796,51745,51243,51206,52747,52852
1797,51745,51243,51206,52747,52852
1798,51745,51243,51206,52747,52852
1799,51745,51243,51206,52747,52852
1800,51745,51243,51206,52747,52852
1801,51745,51243,51206,52747,52852
1802,51745,51243,51206,52747,52852
1803,51745,51243,51206,52747,52852
1804,51745,51243,51206,52747,52852
1805,51745,51243,51206,52747,52852
1806,51745,51243,51206,52747,52852
1807,51745,51243,51206,52747,52852
1808,51745,51243,51206,52747,52852
1809,51745,51243,51206,52747,52852
1810,51745,51243,51206,52747,52852
1811,51745,51243,51206,52747,52852
1812,51745,51243,51206,52747,52852
1813,51745,51243,51206,52747,52852
1814,51745,51243,51206,52747,52852
1815,51745,51243,51206,52747,52852
1816,51745,51243,51206,52747,52852
1817,51745,51243,51206,52747,52852
1818,51745,51243,51206,52747,52852
1819,51745,51243,51206,52747,52852
1820,51745,51243,51206,52747,52852
1821,51745,51243,51206,52747,52852
1822,51745,51243,51206,52747,52852
1823,51745,51243,51206,52747,52852
1824,51745,51243,51206,52747,52852
1825,51745,51243,51206,52747,52852
1826,51745,51243,51206,52747,52852
1827,51745,51243,51206,52747,52852
1828,51745,51243,51206,52747,52852
1829,51745,51243,51206,52743,52852
1830,51745,51243,51206,52743,52852
1831,51745,51243,51206,52743,52852
1832,51745,51243,51206,52743,52852
1833,51745,51243,51206,52743,52852
1834,51745,51243,51206,52743,52852
1835,51745,51243,51206,52743,52852
1836,51745,51243,51206,52743,52852
1837,51745,51243,51206,52743,52852
1838,51745,51243,51206,52743,52852
1839,51745,51243,51206,52743,52852
1840,51745,51243,51206,52743,52852
1841,51745,51243,51206,52743,52852
1842,51745,51243,51206,52743,52852
1843,51745,51243,51206,52743,52852
1844,51745,51243,51206,52743,52852
1845,51745,51243,51206,52743,52852
1846,51745,51243,51206,52743,52852
1847,51745,51243,51206,52743,52852
1848,51745,51243,51206,52743,52852
1849,51745,51243,51206,52743,52852
1850,51745,51243,51206,52743,52852
1851,51745,51243,51206,52743,52852
1852,51745,51243,51206,52743,52852
1853,51745,51243,51206,52743,52852
1854,51745,51243,51206,52743,52852
1855,51745,51243,51206,52743,52852
1856,51745,51243,51206,52743,52852
1857,51745,51243,51206,52743,52852
1858,51745,51243,51206,52474,52852
1859,51745,51243,51206,52474,52852
1860,51745,51243,51206,52474,52852
1861,51745,51243,51206,52474,52852
1862,51745,51243,51206,52474,52852
1863,51745,51243,51206,52474,52852
1864,51745,51243,51206,52474,52852
1865,51745,51243,51206,52474,52852
1866,51745,51243,51206,52474,52852
1867,51745,51243,51206,52474,52852
1868,51745,51243,51206,52474,52852
1869,51745,51243,51206,52474,52852
1870,51745,51243,51206,52474,52852
1871,51745,51243,51206,52474,52852
1872,51745,51243,51206,52474,52852
1873,51745,51243,51206,52474,52852
1874,51745,51243,51206,52474,52852
1875,51745,51243,51206,52474,52852
1876,51745,51243,51206,52474,52852
1877,51745,51243,51206,52474,52484
1878,51745,51243,51206,52474,52484
1879,51745,51243,51206,52474,52484
1880,51745,51143,51206,52474,52484
1881,51745,51143,51206,52474,52484
1882,51745,51143,51206,52474,52484
1883,51745,51143,51206,52474,52484
1884,51745,51143,51206,52474,52484
1885,51745,51143,51206,52474,52484
1886,51745,51143,51206,52474,52484
1887,51745,51143,51206,52474,52484
1888,51745,51143,51206,52474,52484
1889,51745,51143,51206,52474,52484
1890,51745,51143,51206,52474,52484
1891,51745,51143,51206,52474,52484
1892,51745,51143,51206,52474,52484
1893,51745,51143,51206,52474,52484
1894,51745,51143,51206,52474,52484
1895,51745,51143,51206,52474,52484
1896,51745,51143,51206,52474,52484
1897,51745,51143,51206,52474,52484
1898,51745,51143,51206,52474,52484
1899,51745,51143,51206,52474,52484
1900,51745,51143,51206,52474,52484
1901,51745,51143,51206,52474,52484
1902,51745,51143,51206,52474,52484
1903,51745,51143,51206,52474,52484
1904,51745,51143,51206,52474,52484
1905,51745,51143,51206,52474,52484
1906,51745,51143,51206,52474,52484
1907,51745,51143,51206,52474,52484
1908,51745,51143,51206,52474,52484
1909,51745,51143,51206,52474,52484
1910,51745,51143,51206,52474,52484
1911,51745,51143,51206,52474,52484
1912,51745,51143,51206,52474,52484
1913,51745,51143,51206,52474,52484
1914,51745,51143,51206,52474,52484
1915,51745,51143,51206,52474,52484
1916,51745,51143,51206,52474,52484
1917,51745,51143,51206,52474,52484
1918,51745,51143,51206,52474,52484
1919,51745,51143,51206,52474,52484
1920,51745,51143,51206,52474,52484
1921,51745,51143,51206,52474,52484
1922,51745,51143,51206,52474,52484
1923,51745,51143,51206,52474,52484
1924,51745,51143,51206,52474,52484
1925,51745,51143,51206,52474,52484
1926,51745,51143,51206,52474,52484
1927,51745,51143,51206,52474,52484
1928,51745,51143,51206,52474,52484
1929,51745,51143,51206,52474,52484
1930,51745,51143,51206,52474,52484
1931,51745,51143,51206,52474,52484
1932,51745,51143,51206,52474,52484
1933,51745,51143,51206,52474,52484
1934,51745,51143,51206,52474,52484
1935,51745,51143,51206,52474,52484
1936,51745,51143,51206,52474,52484
1937,51745,51143,51206,52474,52484
1938,51745,51143,51206,52474,52484
1939,51745,51143,51206,52474,52484
1940,51745,51143,51206,52474,52484
1941,51745,51143,51206,52474,52484
1942,51745,51143,51206,52474,52484
1943,51745,51143,51206,52474,52484
1944,51745,51143,51206,52474,52484
1945,51745,51143,51206,52474,52484
1946,51745,51143,51206,52474,52484
1947,51745,51143,51206,52474,52484
1948,51745,51143,51206,52474,52484
1949,51745,51143,51206,52474,52484
1950,51745,51143,51206,52474,52484
1951,51745,51143,51206,52474,52484
1952,51745,51143,51206,52474,52484
1953,51745,51143,51082,52474,52484
1954,51745,51143,51082,52474,52484
1955,51745,51143,51082,52474,52484
1956,51745,51143,51082,52474,52484
1957,51745,51143,51082,52474,52484
1958,51745,51143,51082,52474,52484
1959,51745,51143,51082,52474,52484
1960,51745,51143,51082,52474,52484
1961,51745,51143,51082,52474,52484
1962,51745,51143,51082,52474,52484
1963,51745,51143,51082,52474,52484
1964,51745,51143,51082,52474,52484
1965,51745,51143,51082,52474,52447
1966,51745,51143,51082,52474,52447
1967,51745,51143,51082,52474,52447
1968,51745,51143,51082,52474,52447
1969,51745,51143,51082,52474,52447
1970,51745,51143,51082,52474,52447
1971,51745,51143,51082,52474,52447
1972,51745,51143,51082,52474,52447
1973,51745,51143,51082,52474,52447
1974,51745,51143,51082,52474,52447
1975,51745,51143,51082,52474,52447
1976,51745,51143,51082,52474,52447
1977,51745,51143,51082,52474,52447
1978,51745,51143,51082,52474,52447
1979,51745,51143,51082,52474,52447
1980,51745,51143,51082,52474,52447
1981,51745,51143,51082,52474,52447
1982,51745,51143,51082,52474,52447
1983,51745,51143,51082,52474,52447
1984,51745,51143,51082,52474,52447
1985,51745,51143,51082,52474,52447
1986,51745,51143,51082,52474,52447
1987,51745,51143,51082,52474,52447
1988,51745,51143,51082,52474,52447
1989,51745,51143,51082,52474,52447
1990,51745,51143,51082,52474,52447
1991,51745,51143,51082,52474,52447
1992,51745,51143,51082,52474,52447
1993,51745,51143,51082,52474,52447
1994,51745,51143,51082,52474,52447
1995,51745,51143,51082,52474,52447
1996,51745,51143,51082,52474,52447
1997,51745,51143,51082,52474,52447
1998,51745,51143,51082,52474,52447
1999,51745,51143,51082,52474,52447
2000,51745,51143,51082,52474,52447
2001,51745,51143,51082,52474,52447
